,ID,Filename,ALBUM,RELEASE DATE,LYRICS,Text,Doc,Tokens,Lemmas,POS,Proper_Nouns,Named_Entities,NE_Words
0,1,Beautiful Stranger,Everything I Know About Love,2022-08-16,"Beautiful stranger, sitting right there
Looked up at me and my dark curly hair
Looked back for a second, didn't want to be rude
I tend to fall in love on the tube
Beautiful stranger, sitting right there
Reading the newspaper, stuck to his chair
I swore that he smiled and I felt my heart drop
Heard the doors open, came to my stop
What if I hadn't left the train
At Ladbroke Grove? Would I know his name?
Maybe we would have exchanged a few words
A fairytale moment could have occurred
But my beautiful stranger will have to remain
A stranger until I see him again
See him again
Beautiful stranger, catching my stare
It's fate we collided right then back there
I wonder if he felt the same thing too
Innocent crush on the morning commute
What if I would've stayed on the train?
Dared to stand up and ask for his name?
Maybe we would have exchanged a few words
A fairytale moment could have occurred
But my beautiful stranger will have to remain
A stranger until I see him again
See him again
My beautiful stranger will have to remain
A love that came and left with this train
My beautiful stranger","Beautiful stranger, sitting right there Looked up at me and my dark curly hair Looked back for a second, didn't want to be rude I tend to fall in love on the tube Beautiful stranger, sitting right there Reading the newspaper, stuck to his chair I swore that he smiled and I felt my heart drop Heard the doors open, came to my stop What if I hadn't left the train At Ladbroke Grove? Would I know his name? Maybe we would have exchanged a few words A fairytale moment could have occurred But my beautiful stranger will have to remain A stranger until I see him again See him again Beautiful stranger, catching my stare It's fate we collided right then back there I wonder if he felt the same thing too Innocent crush on the morning commute What if I would've stayed on the train? Dared to stand up and ask for his name? Maybe we would have exchanged a few words A fairytale moment could have occurred But my beautiful stranger will have to remain A stranger until I see him again See him again My beautiful stranger will have to remain A love that came and left with this train My beautiful stranger","Beautiful stranger, sitting right there Looked up at me and my dark curly hair Looked back for a second, didn't want to be rude I tend to fall in love on the tube Beautiful stranger, sitting right there Reading the newspaper, stuck to his chair I swore that he smiled and I felt my heart drop Heard the doors open, came to my stop What if I hadn't left the train At Ladbroke Grove? Would I know his name? Maybe we would have exchanged a few words A fairytale moment could have occurred But my beautiful stranger will have to remain A stranger until I see him again See him again Beautiful stranger, catching my stare It's fate we collided right then back there I wonder if he felt the same thing too Innocent crush on the morning commute What if I would've stayed on the train? Dared to stand up and ask for his name? Maybe we would have exchanged a few words A fairytale moment could have occurred But my beautiful stranger will have to remain A stranger until I see him again See him again My beautiful stranger will have to remain A love that came and left with this train My beautiful stranger","['Beautiful', 'stranger', ',', 'sitting', 'right', 'there', 'Looked', 'up', 'at', 'me', 'and', 'my', 'dark', 'curly', 'hair', 'Looked', 'back', 'for', 'a', 'second', ',', 'did', ""n't"", 'want', 'to', 'be', 'rude', 'I', 'tend', 'to', 'fall', 'in', 'love', 'on', 'the', 'tube', 'Beautiful', 'stranger', ',', 'sitting', 'right', 'there', 'Reading', 'the', 'newspaper', ',', 'stuck', 'to', 'his', 'chair', 'I', 'swore', 'that', 'he', 'smiled', 'and', 'I', 'felt', 'my', 'heart', 'drop', 'Heard', 'the', 'doors', 'open', ',', 'came', 'to', 'my', 'stop', 'What', 'if', 'I', 'had', ""n't"", 'left', 'the', 'train', 'At', 'Ladbroke', 'Grove', '?', 'Would', 'I', 'know', 'his', 'name', '?', 'Maybe', 'we', 'would', 'have', 'exchanged', 'a', 'few', 'words', 'A', 'fairytale', 'moment', 'could', 'have', 'occurred', 'But', 'my', 'beautiful', 'stranger', 'will', 'have', 'to', 'remain', 'A', 'stranger', 'until', 'I', 'see', 'him', 'again', 'See', 'him', 'again', 'Beautiful', 'stranger', ',', 'catching', 'my', 'stare', 'It', ""'s"", 'fate', 'we', 'collided', 'right', 'then', 'back', 'there', 'I', 'wonder', 'if', 'he', 'felt', 'the', 'same', 'thing', 'too', 'Innocent', 'crush', 'on', 'the', 'morning', 'commute', 'What', 'if', 'I', 'would', ""'ve"", 'stayed', 'on', 'the', 'train', '?', 'Dared', 'to', 'stand', 'up', 'and', 'ask', 'for', 'his', 'name', '?', 'Maybe', 'we', 'would', 'have', 'exchanged', 'a', 'few', 'words', 'A', 'fairytale', 'moment', 'could', 'have', 'occurred', 'But', 'my', 'beautiful', 'stranger', 'will', 'have', 'to', 'remain', 'A', 'stranger', 'until', 'I', 'see', 'him', 'again', 'See', 'him', 'again', 'My', 'beautiful', 'stranger', 'will', 'have', 'to', 'remain', 'A', 'love', 'that', 'came', 'and', 'left', 'with', 'this', 'train', 'My', 'beautiful', 'stranger']","['beautiful', 'stranger', ',', 'sit', 'right', 'there', 'look', 'up', 'at', 'I', 'and', 'my', 'dark', 'curly', 'hair', 'look', 'back', 'for', 'a', 'second', ',', 'do', 'not', 'want', 'to', 'be', 'rude', 'I', 'tend', 'to', 'fall', 'in', 'love', 'on', 'the', 'tube', 'beautiful', 'stranger', ',', 'sit', 'right', 'there', 'read', 'the', 'newspaper', ',', 'stick', 'to', 'his', 'chair', 'I', 'swear', 'that', 'he', 'smile', 'and', 'I', 'feel', 'my', 'heart', 'drop', 'hear', 'the', 'door', 'open', ',', 'come', 'to', 'my', 'stop', 'what', 'if', 'I', 'have', 'not', 'leave', 'the', 'train', 'at', 'Ladbroke', 'Grove', '?', 'would', 'I', 'know', 'his', 'name', '?', 'maybe', 'we', 'would', 'have', 'exchange', 'a', 'few', 'word', 'a', 'fairytale', 'moment', 'could', 'have', 'occur', 'but', 'my', 'beautiful', 'stranger', 'will', 'have', 'to', 'remain', 'a', 'stranger', 'until', 'I', 'see', 'he', 'again', 'see', 'he', 'again', 'beautiful', 'stranger', ',', 'catch', 'my', 'stare', 'it', 'be', 'fate', 'we', 'collide', 'right', 'then', 'back', 'there', 'I', 'wonder', 'if', 'he', 'feel', 'the', 'same', 'thing', 'too', 'innocent', 'crush', 'on', 'the', 'morning', 'commute', 'what', 'if', 'I', 'would', ""'ve"", 'stay', 'on', 'the', 'train', '?', 'dare', 'to', 'stand', 'up', 'and', 'ask', 'for', 'his', 'name', '?', 'maybe', 'we', 'would', 'have', 'exchange', 'a', 'few', 'word', 'a', 'fairytale', 'moment', 'could', 'have', 'occur', 'but', 'my', 'beautiful', 'stranger', 'will', 'have', 'to', 'remain', 'a', 'stranger', 'until', 'I', 'see', 'he', 'again', 'see', 'he', 'again', 'my', 'beautiful', 'stranger', 'will', 'have', 'to', 'remain', 'a', 'love', 'that', 'come', 'and', 'leave', 'with', 'this', 'train', 'my', 'beautiful', 'stranger']","[('ADJ', 'JJ'), ('NOUN', 'NN'), ('PUNCT', ','), ('VERB', 'VBG'), ('ADV', 'RB'), ('ADV', 'RB'), ('VERB', 'VBD'), ('ADP', 'RP'), ('ADP', 'IN'), ('PRON', 'PRP'), ('CCONJ', 'CC'), ('PRON', 'PRP$'), ('ADJ', 'JJ'), ('ADJ', 'JJ'), ('NOUN', 'NN'), ('VERB', 'VBD'), ('ADV', 'RB'), ('ADP', 'IN'), ('DET', 'DT'), ('NOUN', 'NN'), ('PUNCT', ','), ('AUX', 'VBD'), ('PART', 'RB'), ('VERB', 'VB'), ('PART', 'TO'), ('AUX', 'VB'), ('ADJ', 'JJ'), ('PRON', 'PRP'), ('VERB', 'VBP'), ('PART', 'TO'), ('VERB', 'VB'), ('ADP', 'IN'), ('NOUN', 'NN'), ('ADP', 'IN'), ('DET', 'DT'), ('NOUN', 'NN'), ('ADJ', 'JJ'), ('NOUN', 'NN'), ('PUNCT', ','), ('VERB', 'VBG'), ('ADV', 'RB'), ('ADV', 'RB'), ('VERB', 'VBG'), ('DET', 'DT'), ('NOUN', 'NN'), ('PUNCT', ','), ('VERB', 'VBD'), ('ADP', 'IN'), ('PRON', 'PRP$'), ('NOUN', 'NN'), ('PRON', 'PRP'), ('VERB', 'VBD'), ('SCONJ', 'IN'), ('PRON', 'PRP'), ('VERB', 'VBD'), ('CCONJ', 'CC'), ('PRON', 'PRP'), ('VERB', 'VBD'), ('PRON', 'PRP$'), ('NOUN', 'NN'), ('NOUN', 'NN'), ('VERB', 'VBD'), ('DET', 'DT'), ('NOUN', 'NNS'), ('ADJ', 'JJ'), ('PUNCT', ','), ('VERB', 'VBD'), ('ADP', 'IN'), ('PRON', 'PRP$'), ('NOUN', 'NN'), ('PRON', 'WP'), ('SCONJ', 'IN'), ('PRON', 'PRP'), ('AUX', 'VBD'), ('PART', 'RB'), ('VERB', 'VBN'), ('DET', 'DT'), ('NOUN', 'NN'), ('ADP', 'IN'), ('PROPN', 'NNP'), ('PROPN', 'NNP'), ('PUNCT', '.'), ('AUX', 'MD'), ('PRON', 'PRP'), ('VERB', 'VB'), ('PRON', 'PRP$'), ('NOUN', 'NN'), ('PUNCT', '.'), ('ADV', 'RB'), ('PRON', 'PRP'), ('AUX', 'MD'), ('AUX', 'VB'), ('VERB', 'VBN'), ('DET', 'DT'), ('ADJ', 'JJ'), ('NOUN', 'NNS'), ('DET', 'DT'), ('NOUN', 'NN'), ('NOUN', 'NN'), ('AUX', 'MD'), ('AUX', 'VB'), ('VERB', 'VBN'), ('CCONJ', 'CC'), ('PRON', 'PRP$'), ('ADJ', 'JJ'), ('NOUN', 'NN'), ('AUX', 'MD'), ('VERB', 'VB'), ('PART', 'TO'), ('VERB', 'VB'), ('DET', 'DT'), ('NOUN', 'NN'), ('SCONJ', 'IN'), ('PRON', 'PRP'), ('VERB', 'VBP'), ('PRON', 'PRP'), ('ADV', 'RB'), ('VERB', 'VB'), ('PRON', 'PRP'), ('ADV', 'RB'), ('ADJ', 'JJ'), ('NOUN', 'NN'), ('PUNCT', ','), ('VERB', 'VBG'), ('PRON', 'PRP$'), ('NOUN', 'NN'), ('PRON', 'PRP'), ('AUX', 'VBZ'), ('NOUN', 'NN'), ('PRON', 'PRP'), ('VERB', 'VBD'), ('ADV', 'RB'), ('ADV', 'RB'), ('ADV', 'RB'), ('ADV', 'RB'), ('PRON', 'PRP'), ('VERB', 'VBP'), ('SCONJ', 'IN'), ('PRON', 'PRP'), ('VERB', 'VBD'), ('DET', 'DT'), ('ADJ', 'JJ'), ('NOUN', 'NN'), ('ADV', 'RB'), ('ADJ', 'JJ'), ('NOUN', 'NN'), ('ADP', 'IN'), ('DET', 'DT'), ('NOUN', 'NN'), ('NOUN', 'NN'), ('PRON', 'WP'), ('SCONJ', 'IN'), ('PRON', 'PRP'), ('AUX', 'MD'), ('AUX', 'VB'), ('VERB', 'VBN'), ('ADP', 'IN'), ('DET', 'DT'), ('NOUN', 'NN'), ('PUNCT', '.'), ('VERB', 'VBN'), ('PART', 'TO'), ('VERB', 'VB'), ('ADP', 'RP'), ('CCONJ', 'CC'), ('VERB', 'VB'), ('ADP', 'IN'), ('PRON', 'PRP$'), ('NOUN', 'NN'), ('PUNCT', '.'), ('ADV', 'RB'), ('PRON', 'PRP'), ('AUX', 'MD'), ('AUX', 'VB'), ('VERB', 'VBN'), ('DET', 'DT'), ('ADJ', 'JJ'), ('NOUN', 'NNS'), ('DET', 'DT'), ('NOUN', 'NN'), ('NOUN', 'NN'), ('AUX', 'MD'), ('AUX', 'VB'), ('VERB', 'VBN'), ('CCONJ', 'CC'), ('PRON', 'PRP$'), ('ADJ', 'JJ'), ('NOUN', 'NN'), ('AUX', 'MD'), ('VERB', 'VB'), ('PART', 'TO'), ('VERB', 'VB'), ('DET', 'DT'), ('NOUN', 'NN'), ('SCONJ', 'IN'), ('PRON', 'PRP'), ('VERB', 'VBP'), ('PRON', 'PRP'), ('ADV', 'RB'), ('VERB', 'VB'), ('PRON', 'PRP'), ('ADV', 'RB'), ('PRON', 'PRP$'), ('ADJ', 'JJ'), ('NOUN', 'NN'), ('AUX', 'MD'), ('VERB', 'VB'), ('PART', 'TO'), ('VERB', 'VB'), ('DET', 'DT'), ('NOUN', 'NN'), ('PRON', 'WDT'), ('VERB', 'VBD'), ('CCONJ', 'CC'), ('VERB', 'VBD'), ('ADP', 'IN'), ('DET', 'DT'), ('NOUN', 'NN'), ('PRON', 'PRP$'), ('ADJ', 'JJ'), ('NOUN', 'NN')]","['Ladbroke', 'Grove']","['PERSON', 'ORDINAL', 'FAC', 'TIME']","[Looked, second, Ladbroke Grove, the morning]"
1,3,Bewitched,Bewitched,2023-09-08,"Wrapped me in your arms
Leaned in and whispered
""Keep me in your heart""
I'm so bewildered
What's this new desire called?
I didn't know that much at all 'bout love before
But now, I think I'm learning
You bewitched me
From the first time that you kissed me
Waited all night
Then we ran down the street in the late London light
The world froze around us, you kissed me good night
You bewitch me
Every damn second you're with me
I try to think straight
But I'm falling so badly, I'm coming apart
You wrote me a note, cast a spell on my heart
And bewitched me
Bewitched me
You're not even gone
I already miss you
What's going on?
I've never been through
This all-consuming fire fuming
Cursing at the moon and losing all control and crying
'Cause I think I'm falling
You bewitched me
From the first time that you kissed me
Waited all night
Then we ran down the street in the late London light","Wrapped me in your arms Leaned in and whispered ""Keep me in your heart"" I'm so bewildered What's this new desire called? I didn't know that much at all 'bout love before But now, I think I'm learning You bewitched me From the first time that you kissed me Waited all night Then we ran down the street in the late London light The world froze around us, you kissed me good night You bewitch me Every damn second you're with me I try to think straight But I'm falling so badly, I'm coming apart You wrote me a note, cast a spell on my heart And bewitched me Bewitched me You're not even gone I already miss you What's going on? I've never been through This all-consuming fire fuming Cursing at the moon and losing all control and crying 'Cause I think I'm falling You bewitched me From the first time that you kissed me Waited all night Then we ran down the street in the late London light The world froze around us, you kissed me good night You bewitch me Every damn second you're with me I try to think straight But I'm falling so badly, I'm coming apart You wrote me a note, cast a spell on my heart And bewitched me Bewitched You bewitched me","Wrapped me in your arms Leaned in and whispered ""Keep me in your heart"" I'm so bewildered What's this new desire called? I didn't know that much at all 'bout love before But now, I think I'm learning You bewitched me From the first time that you kissed me Waited all night Then we ran down the street in the late London light The world froze around us, you kissed me good night You bewitch me Every damn second you're with me I try to think straight But I'm falling so badly, I'm coming apart You wrote me a note, cast a spell on my heart And bewitched me Bewitched me You're not even gone I already miss you What's going on? I've never been through This all-consuming fire fuming Cursing at the moon and losing all control and crying 'Cause I think I'm falling You bewitched me From the first time that you kissed me Waited all night Then we ran down the street in the late London light The world froze around us, you kissed me good night You bewitch me Every damn second you're with me I try to think straight But I'm falling so badly, I'm coming apart You wrote me a note, cast a spell on my heart And bewitched me Bewitched You bewitched me","['Wrapped', 'me', 'in', 'your', 'arms', 'Leaned', 'in', 'and', 'whispered', '""', 'Keep', 'me', 'in', 'your', 'heart', '""', 'I', ""'m"", 'so', 'bewildered', 'What', ""'s"", 'this', 'new', 'desire', 'called', '?', 'I', 'did', ""n't"", 'know', 'that', 'much', 'at', 'all', ""'bout"", 'love', 'before', 'But', 'now', ',', 'I', 'think', 'I', ""'m"", 'learning', 'You', 'bewitched', 'me', 'From', 'the', 'first', 'time', 'that', 'you', 'kissed', 'me', 'Waited', 'all', 'night', 'Then', 'we', 'ran', 'down', 'the', 'street', 'in', 'the', 'late', 'London', 'light', 'The', 'world', 'froze', 'around', 'us', ',', 'you', 'kissed', 'me', 'good', 'night', 'You', 'bewitch', 'me', 'Every', 'damn', 'second', 'you', ""'re"", 'with', 'me', 'I', 'try', 'to', 'think', 'straight', 'But', 'I', ""'m"", 'falling', 'so', 'badly', ',', 'I', ""'m"", 'coming', 'apart', 'You', 'wrote', 'me', 'a', 'note', ',', 'cast', 'a', 'spell', 'on', 'my', 'heart', 'And', 'bewitched', 'me', 'Bewitched', 'me', 'You', ""'re"", 'not', 'even', 'gone', 'I', 'already', 'miss', 'you', 'What', ""'s"", 'going', 'on', '?', 'I', ""'ve"", 'never', 'been', 'through', 'This', 'all', '-', 'consuming', 'fire', 'fuming', 'Cursing', 'at', 'the', 'moon', 'and', 'losing', 'all', 'control', 'and', 'crying', ""'Cause"", 'I', 'think', 'I', ""'m"", 'falling', 'You', 'bewitched', 'me', 'From', 'the', 'first', 'time', 'that', 'you', 'kissed', 'me', 'Waited', 'all', 'night', 'Then', 'we', 'ran', 'down', 'the', 'street', 'in', 'the', 'late', 'London', 'light', 'The', 'world', 'froze', 'around', 'us', ',', 'you', 'kissed', 'me', 'good', 'night', 'You', 'bewitch', 'me', 'Every', 'damn', 'second', 'you', ""'re"", 'with', 'me', 'I', 'try', 'to', 'think', 'straight', 'But', 'I', ""'m"", 'falling', 'so', 'badly', ',', 'I', ""'m"", 'coming', 'apart', 'You', 'wrote', 'me', 'a', 'note', ',', 'cast', 'a', 'spell', 'on', 'my', 'heart', 'And', 'bewitched', 'me', 'Bewitched', 'You', 'bewitched', 'me']","['wrap', 'I', 'in', 'your', 'arm', 'lean', 'in', 'and', 'whisper', '""', 'keep', 'I', 'in', 'your', 'heart', '""', 'I', 'be', 'so', 'bewildered', 'what', 'be', 'this', 'new', 'desire', 'call', '?', 'I', 'do', 'not', 'know', 'that', 'much', 'at', 'all', ""'bout"", 'love', 'before', 'but', 'now', ',', 'I', 'think', 'I', 'be', 'learn', 'you', 'bewitch', 'I', 'from', 'the', 'first', 'time', 'that', 'you', 'kiss', 'I', 'wait', 'all', 'night', 'then', 'we', 'run', 'down', 'the', 'street', 'in', 'the', 'late', 'London', 'light', 'the', 'world', 'freeze', 'around', 'we', ',', 'you', 'kiss', 'I', 'good', 'night', 'you', 'bewitch', 'I', 'every', 'damn', 'second', 'you', 'be', 'with', 'I', 'I', 'try', 'to', 'think', 'straight', 'but', 'I', 'be', 'fall', 'so', 'badly', ',', 'I', 'be', 'come', 'apart', 'you', 'write', 'I', 'a', 'note', ',', 'cast', 'a', 'spell', 'on', 'my', 'heart', 'and', 'bewitch', 'I', 'Bewitched', 'I', 'you', 'be', 'not', 'even', 'go', 'I', 'already', 'miss', 'you', 'what', 'be', 'go', 'on', '?', 'I', 'have', 'never', 'be', 'through', 'this', 'all', '-', 'consume', 'fire', 'fume', 'cursing', 'at', 'the', 'moon', 'and', 'lose', 'all', 'control', 'and', 'cry', ""'cause"", 'I', 'think', 'I', 'be', 'fall', 'you', 'bewitch', 'I', 'from', 'the', 'first', 'time', 'that', 'you', 'kiss', 'I', 'wait', 'all', 'night', 'then', 'we', 'run', 'down', 'the', 'street', 'in', 'the', 'late', 'London', 'light', 'the', 'world', 'freeze', 'around', 'we', ',', 'you', 'kiss', 'I', 'good', 'night', 'you', 'bewitch', 'I', 'every', 'damn', 'second', 'you', 'be', 'with', 'I', 'I', 'try', 'to', 'think', 'straight', 'but', 'I', 'be', 'fall', 'so', 'badly', ',', 'I', 'be', 'come', 'apart', 'you', 'write', 'I', 'a', 'note', ',', 'cast', 'a', 'spell', 'on', 'my', 'heart', 'and', 'bewitch', 'I', 'Bewitched', 'you', 'bewitch', 'I']","[('VERB', 'VBD'), ('PRON', 'PRP'), ('ADP', 'IN'), ('PRON', 'PRP$'), ('NOUN', 'NNS'), ('VERB', 'VBN'), ('ADP', 'RP'), ('CCONJ', 'CC'), ('VERB', 'VBD'), ('PUNCT', '``'), ('VERB', 'VB'), ('PRON', 'PRP'), ('ADP', 'IN'), ('PRON', 'PRP$'), ('NOUN', 'NN'), ('PUNCT', ""''""), ('PRON', 'PRP'), ('AUX', 'VBP'), ('ADV', 'RB'), ('ADJ', 'JJ'), ('PRON', 'WP'), ('AUX', 'VBZ'), ('DET', 'DT'), ('ADJ', 'JJ'), ('NOUN', 'NN'), ('VERB', 'VBN'), ('PUNCT', '.'), ('PRON', 'PRP'), ('AUX', 'VBD'), ('PART', 'RB'), ('VERB', 'VB'), ('SCONJ', 'IN'), ('ADJ', 'JJ'), ('ADV', 'RB'), ('ADV', 'RB'), ('ADP', 'IN'), ('NOUN', 'NN'), ('ADV', 'RB'), ('CCONJ', 'CC'), ('ADV', 'RB'), ('PUNCT', ','), ('PRON', 'PRP'), ('VERB', 'VBP'), ('PRON', 'PRP'), ('AUX', 'VBP'), ('VERB', 'VBG'), ('PRON', 'PRP'), ('VERB', 'VBD'), ('PRON', 'PRP'), ('ADP', 'IN'), ('DET', 'DT'), ('ADJ', 'JJ'), ('NOUN', 'NN'), ('PRON', 'WDT'), ('PRON', 'PRP'), ('VERB', 'VBD'), ('PRON', 'PRP'), ('VERB', 'VBN'), ('DET', 'DT'), ('NOUN', 'NN'), ('ADV', 'RB'), ('PRON', 'PRP'), ('VERB', 'VBD'), ('ADP', 'IN'), ('DET', 'DT'), ('NOUN', 'NN'), ('ADP', 'IN'), ('DET', 'DT'), ('ADJ', 'JJ'), ('PROPN', 'NNP'), ('NOUN', 'NN'), ('DET', 'DT'), ('NOUN', 'NN'), ('VERB', 'VBD'), ('ADP', 'IN'), ('PRON', 'PRP'), ('PUNCT', ','), ('PRON', 'PRP'), ('VERB', 'VBD'), ('PRON', 'PRP'), ('ADJ', 'JJ'), ('NOUN', 'NN'), ('PRON', 'PRP'), ('VERB', 'VBP'), ('PRON', 'PRP'), ('DET', 'DT'), ('ADV', 'RB'), ('ADJ', 'JJ'), ('PRON', 'PRP'), ('AUX', 'VBP'), ('ADP', 'IN'), ('PRON', 'PRP'), ('PRON', 'PRP'), ('VERB', 'VBP'), ('PART', 'TO'), ('VERB', 'VB'), ('ADJ', 'JJ'), ('CCONJ', 'CC'), ('PRON', 'PRP'), ('AUX', 'VBP'), ('VERB', 'VBG'), ('ADV', 'RB'), ('ADV', 'RB'), ('PUNCT', ','), ('PRON', 'PRP'), ('AUX', 'VBP'), ('VERB', 'VBG'), ('ADV', 'RB'), ('PRON', 'PRP'), ('VERB', 'VBD'), ('PRON', 'PRP'), ('DET', 'DT'), ('NOUN', 'NN'), ('PUNCT', ','), ('VERB', 'VBD'), ('DET', 'DT'), ('NOUN', 'NN'), ('ADP', 'IN'), ('PRON', 'PRP$'), ('NOUN', 'NN'), ('CCONJ', 'CC'), ('VERB', 'VBD'), ('PRON', 'PRP'), ('PROPN', 'NNP'), ('PRON', 'PRP'), ('PRON', 'PRP'), ('AUX', 'VBP'), ('PART', 'RB'), ('ADV', 'RB'), ('VERB', 'VBN'), ('PRON', 'PRP'), ('ADV', 'RB'), ('VERB', 'VBP'), ('PRON', 'PRP'), ('PRON', 'WP'), ('AUX', 'VBZ'), ('VERB', 'VBG'), ('ADP', 'RP'), ('PUNCT', '.'), ('PRON', 'PRP'), ('AUX', 'VBP'), ('ADV', 'RB'), ('AUX', 'VBN'), ('ADP', 'IN'), ('DET', 'DT'), ('ADV', 'RB'), ('PUNCT', 'HYPH'), ('VERB', 'VBG'), ('NOUN', 'NN'), ('VERB', 'VBG'), ('NOUN', 'NN'), ('ADP', 'IN'), ('DET', 'DT'), ('NOUN', 'NN'), ('CCONJ', 'CC'), ('VERB', 'VBG'), ('DET', 'DT'), ('NOUN', 'NN'), ('CCONJ', 'CC'), ('VERB', 'VBG'), ('SCONJ', 'IN'), ('PRON', 'PRP'), ('VERB', 'VBP'), ('PRON', 'PRP'), ('AUX', 'VBP'), ('VERB', 'VBG'), ('PRON', 'PRP'), ('VERB', 'VBD'), ('PRON', 'PRP'), ('ADP', 'IN'), ('DET', 'DT'), ('ADJ', 'JJ'), ('NOUN', 'NN'), ('PRON', 'WDT'), ('PRON', 'PRP'), ('VERB', 'VBD'), ('PRON', 'PRP'), ('VERB', 'VBN'), ('DET', 'DT'), ('NOUN', 'NN'), ('ADV', 'RB'), ('PRON', 'PRP'), ('VERB', 'VBD'), ('ADP', 'IN'), ('DET', 'DT'), ('NOUN', 'NN'), ('ADP', 'IN'), ('DET', 'DT'), ('ADJ', 'JJ'), ('PROPN', 'NNP'), ('NOUN', 'NN'), ('DET', 'DT'), ('NOUN', 'NN'), ('VERB', 'VBD'), ('ADP', 'IN'), ('PRON', 'PRP'), ('PUNCT', ','), ('PRON', 'PRP'), ('VERB', 'VBD'), ('PRON', 'PRP'), ('ADJ', 'JJ'), ('NOUN', 'NN'), ('PRON', 'PRP'), ('VERB', 'VBP'), ('PRON', 'PRP'), ('DET', 'DT'), ('ADV', 'RB'), ('ADJ', 'JJ'), ('PRON', 'PRP'), ('AUX', 'VBP'), ('ADP', 'IN'), ('PRON', 'PRP'), ('PRON', 'PRP'), ('VERB', 'VBP'), ('PART', 'TO'), ('VERB', 'VB'), ('ADJ', 'JJ'), ('CCONJ', 'CC'), ('PRON', 'PRP'), ('AUX', 'VBP'), ('VERB', 'VBG'), ('ADV', 'RB'), ('ADV', 'RB'), ('PUNCT', ','), ('PRON', 'PRP'), ('AUX', 'VBP'), ('VERB', 'VBG'), ('ADV', 'RB'), ('PRON', 'PRP'), ('VERB', 'VBD'), ('PRON', 'PRP'), ('DET', 'DT'), ('NOUN', 'NN'), ('PUNCT', ','), ('VERB', 'VBD'), ('DET', 'DT'), ('NOUN', 'NN'), ('ADP', 'IN'), ('PRON', 'PRP$'), ('NOUN', 'NN'), ('CCONJ', 'CC'), ('VERB', 'VBD'), ('PRON', 'PRP'), ('PROPN', 'NNP'), ('PRON', 'PRP'), ('VERB', 'VBD'), ('PRON', 'PRP')]","['London', 'Bewitched', 'London', 'Bewitched']","['ORDINAL', 'GPE', 'ORDINAL', 'WORK_OF_ART', 'ORDINAL', 'GPE', 'ORDINAL']","[first, London, second, Cursing at the moon, first, London, second]"
2,4,Bored,Bewitched: The Goddess Edition,2024-04-26,"Why don't we
Call it for what it is?
Can't remember the last time we kissed
And it tickled my heart
I think that it's best that we spend time apart
I just yawn
Listening to you
Talk about yourself again
And again
I'm bored
Bored of this love
Oh, I'm bored
Bored of this talk
And maybe you're just way too vain to be interesting
Baby, keep talkin' but nobody's listening
Don't mean to walk out the door
But, baby, I'm bored
Bored
Did you know (did you know)
I wept in my room last night?
Bet you didn't know you make me cry
'Cause you're so self-possessed
Charming at first, but you've made me depressed
So I'm leaving in the morning
'Cause I'm bored (bored)
Bored of this love, oh, I'm bored (bored)
Bored of this talk, and
Maybe you're just way too plain to be interesting
Baby, keep talkin' but nobody's listening
Don't mean to walk out the door
But, baby, I'm bored (bored)
You followed me out and said, ""Darling, don't leave""
Your passionate monologue woke up the street
""I'll marry you someday, you're perfect for me""
I got in my car just to drown out your plea
'Cause I'm bored (bored)
Bored of this love, oh, I'm bored (bored)
Bored of this talk, and
Maybe you're just way too vain to be interesting
Baby, keep talkin' but nobody's listening
Don't mean to walk out the door
But, baby, I'm bored, oh","Why don't we Call it for what it is? Can't remember the last time we kissed And it tickled my heart I think that it's best that we spend time apart I just yawn Listening to you Talk about yourself again And again I'm bored Bored of this love Oh, I'm bored Bored of this talk And maybe you're just way too vain to be interesting Baby, keep talkin' but nobody's listening Don't mean to walk out the door But, baby, I'm bored Bored Did you know (did you know) I wept in my room last night? Bet you didn't know you make me cry 'Cause you're so self-possessed Charming at first, but you've made me depressed So I'm leaving in the morning 'Cause I'm bored (bored) Bored of this love, oh, I'm bored (bored) Bored of this talk, and Maybe you're just way too plain to be interesting Baby, keep talkin' but nobody's listening Don't mean to walk out the door But, baby, I'm bored (bored) You followed me out and said, ""Darling, don't leave"" Your passionate monologue woke up the street ""I'll marry you someday, you're perfect for me"" I got in my car just to drown out your plea 'Cause I'm bored (bored) Bored of this love, oh, I'm bored (bored) Bored of this talk, and Maybe you're just way too vain to be interesting Baby, keep talkin' but nobody's listening Don't mean to walk out the door But, baby, I'm bored, oh","Why don't we Call it for what it is? Can't remember the last time we kissed And it tickled my heart I think that it's best that we spend time apart I just yawn Listening to you Talk about yourself again And again I'm bored Bored of this love Oh, I'm bored Bored of this talk And maybe you're just way too vain to be interesting Baby, keep talkin' but nobody's listening Don't mean to walk out the door But, baby, I'm bored Bored Did you know (did you know) I wept in my room last night? Bet you didn't know you make me cry 'Cause you're so self-possessed Charming at first, but you've made me depressed So I'm leaving in the morning 'Cause I'm bored (bored) Bored of this love, oh, I'm bored (bored) Bored of this talk, and Maybe you're just way too plain to be interesting Baby, keep talkin' but nobody's listening Don't mean to walk out the door But, baby, I'm bored (bored) You followed me out and said, ""Darling, don't leave"" Your passionate monologue woke up the street ""I'll marry you someday, you're perfect for me"" I got in my car just to drown out your plea 'Cause I'm bored (bored) Bored of this love, oh, I'm bored (bored) Bored of this talk, and Maybe you're just way too vain to be interesting Baby, keep talkin' but nobody's listening Don't mean to walk out the door But, baby, I'm bored, oh","['Why', 'do', ""n't"", 'we', 'Call', 'it', 'for', 'what', 'it', 'is', '?', 'Ca', ""n't"", 'remember', 'the', 'last', 'time', 'we', 'kissed', 'And', 'it', 'tickled', 'my', 'heart', 'I', 'think', 'that', 'it', ""'s"", 'best', 'that', 'we', 'spend', 'time', 'apart', 'I', 'just', 'yawn', 'Listening', 'to', 'you', 'Talk', 'about', 'yourself', 'again', 'And', 'again', 'I', ""'m"", 'bored', 'Bored', 'of', 'this', 'love', 'Oh', ',', 'I', ""'m"", 'bored', 'Bored', 'of', 'this', 'talk', 'And', 'maybe', 'you', ""'re"", 'just', 'way', 'too', 'vain', 'to', 'be', 'interesting', 'Baby', ',', 'keep', 'talkin', ""'"", 'but', 'nobody', ""'s"", 'listening', 'Do', ""n't"", 'mean', 'to', 'walk', 'out', 'the', 'door', 'But', ',', 'baby', ',', 'I', ""'m"", 'bored', 'Bored', 'Did', 'you', 'know', '(', 'did', 'you', 'know', ')', 'I', 'wept', 'in', 'my', 'room', 'last', 'night', '?', 'Bet', 'you', 'did', ""n't"", 'know', 'you', 'make', 'me', 'cry', ""'Cause"", 'you', ""'re"", 'so', 'self', '-', 'possessed', 'Charming', 'at', 'first', ',', 'but', 'you', ""'ve"", 'made', 'me', 'depressed', 'So', 'I', ""'m"", 'leaving', 'in', 'the', 'morning', ""'Cause"", 'I', ""'m"", 'bored', '(', 'bored', ')', 'Bored', 'of', 'this', 'love', ',', 'oh', ',', 'I', ""'m"", 'bored', '(', 'bored', ')', 'Bored', 'of', 'this', 'talk', ',', 'and', 'Maybe', 'you', ""'re"", 'just', 'way', 'too', 'plain', 'to', 'be', 'interesting', 'Baby', ',', 'keep', 'talkin', ""'"", 'but', 'nobody', ""'s"", 'listening', 'Do', ""n't"", 'mean', 'to', 'walk', 'out', 'the', 'door', 'But', ',', 'baby', ',', 'I', ""'m"", 'bored', '(', 'bored', ')', 'You', 'followed', 'me', 'out', 'and', 'said', ',', '""', 'Darling', ',', 'do', ""n't"", 'leave', '""', 'Your', 'passionate', 'monologue', 'woke', 'up', 'the', 'street', '""', 'I', ""'ll"", 'marry', 'you', 'someday', ',', 'you', ""'re"", 'perfect', 'for', 'me', '""', 'I', 'got', 'in', 'my', 'car', 'just', 'to', 'drown', 'out', 'your', 'plea', ""'Cause"", 'I', ""'m"", 'bored', '(', 'bored', ')', 'Bored', 'of', 'this', 'love', ',', 'oh', ',', 'I', ""'m"", 'bored', '(', 'bored', ')', 'Bored', 'of', 'this', 'talk', ',', 'and', 'Maybe', 'you', ""'re"", 'just', 'way', 'too', 'vain', 'to', 'be', 'interesting', 'Baby', ',', 'keep', 'talkin', ""'"", 'but', 'nobody', ""'s"", 'listening', 'Do', ""n't"", 'mean', 'to', 'walk', 'out', 'the', 'door', 'But', ',', 'baby', ',', 'I', ""'m"", 'bored', ',', 'oh']","['why', 'do', 'not', 'we', 'call', 'it', 'for', 'what', 'it', 'be', '?', 'can', 'not', 'remember', 'the', 'last', 'time', 'we', 'kiss', 'and', 'it', 'tickle', 'my', 'heart', 'I', 'think', 'that', 'it', 'be', 'good', 'that', 'we', 'spend', 'time', 'apart', 'I', 'just', 'yawn', 'listen', 'to', 'you', 'talk', 'about', 'yourself', 'again', 'and', 'again', 'I', 'be', 'bored', 'Bored', 'of', 'this', 'love', 'oh', ',', 'I', 'be', 'bored', 'Bored', 'of', 'this', 'talk', 'and', 'maybe', 'you', 'be', 'just', 'way', 'too', 'vain', 'to', 'be', 'interesting', 'Baby', ',', 'keep', 'talkin', ""'"", 'but', 'nobody', 'be', 'listen', 'do', 'not', 'mean', 'to', 'walk', 'out', 'the', 'door', 'but', ',', 'baby', ',', 'I', 'be', 'bored', 'Bored', 'do', 'you', 'know', '(', 'do', 'you', 'know', ')', 'I', 'weep', 'in', 'my', 'room', 'last', 'night', '?', 'bet', 'you', 'do', 'not', 'know', 'you', 'make', 'I', 'cry', ""'cause"", 'you', 'be', 'so', 'self', '-', 'possess', 'Charming', 'at', 'first', ',', 'but', 'you', 'have', 'make', 'I', 'depressed', 'so', 'I', 'be', 'leave', 'in', 'the', 'morning', ""'cause"", 'I', 'be', 'bored', '(', 'bored', ')', 'bore', 'of', 'this', 'love', ',', 'oh', ',', 'I', 'be', 'bored', '(', 'bored', ')', 'bore', 'of', 'this', 'talk', ',', 'and', 'maybe', 'you', 'be', 'just', 'way', 'too', 'plain', 'to', 'be', 'interesting', 'Baby', ',', 'keep', 'talkin', ""'"", 'but', 'nobody', 'be', 'listen', 'do', 'not', 'mean', 'to', 'walk', 'out', 'the', 'door', 'but', ',', 'baby', ',', 'I', 'be', 'bored', '(', 'bored', ')', 'you', 'follow', 'I', 'out', 'and', 'say', ',', '""', 'darling', ',', 'do', 'not', 'leave', '""', 'your', 'passionate', 'monologue', 'wake', 'up', 'the', 'street', '""', 'I', 'will', 'marry', 'you', 'someday', ',', 'you', 'be', 'perfect', 'for', 'I', '""', 'I', 'get', 'in', 'my', 'car', 'just', 'to', 'drown', 'out', 'your', 'plea', ""'cause"", 'I', 'be', 'bored', '(', 'bored', ')', 'bore', 'of', 'this', 'love', ',', 'oh', ',', 'I', 'be', 'bored', '(', 'bored', ')', 'bore', 'of', 'this', 'talk', ',', 'and', 'maybe', 'you', 'be', 'just', 'way', 'too', 'vain', 'to', 'be', 'interesting', 'Baby', ',', 'keep', 'talkin', ""'"", 'but', 'nobody', 'be', 'listen', 'do', 'not', 'mean', 'to', 'walk', 'out', 'the', 'door', 'but', ',', 'baby', ',', 'I', 'be', 'bored', ',', 'oh']","[('SCONJ', 'WRB'), ('AUX', 'VBP'), ('PART', 'RB'), ('PRON', 'PRP'), ('VERB', 'VB'), ('PRON', 'PRP'), ('ADP', 'IN'), ('PRON', 'WP'), ('PRON', 'PRP'), ('AUX', 'VBZ'), ('PUNCT', '.'), ('AUX', 'MD'), ('PART', 'RB'), ('VERB', 'VB'), ('DET', 'DT'), ('ADJ', 'JJ'), ('NOUN', 'NN'), ('PRON', 'PRP'), ('VERB', 'VBD'), ('CCONJ', 'CC'), ('PRON', 'PRP'), ('VERB', 'VBD'), ('PRON', 'PRP$'), ('NOUN', 'NN'), ('PRON', 'PRP'), ('VERB', 'VBP'), ('SCONJ', 'IN'), ('PRON', 'PRP'), ('AUX', 'VBZ'), ('ADJ', 'JJS'), ('PRON', 'WDT'), ('PRON', 'PRP'), ('VERB', 'VBP'), ('NOUN', 'NN'), ('ADV', 'RB'), ('PRON', 'PRP'), ('ADV', 'RB'), ('VERB', 'VBP'), ('VERB', 'VBG'), ('ADP', 'IN'), ('PRON', 'PRP'), ('VERB', 'VB'), ('ADP', 'IN'), ('PRON', 'PRP'), ('ADV', 'RB'), ('CCONJ', 'CC'), ('ADV', 'RB'), ('PRON', 'PRP'), ('AUX', 'VBP'), ('ADJ', 'JJ'), ('PROPN', 'NNP'), ('ADP', 'IN'), ('DET', 'DT'), ('NOUN', 'NN'), ('INTJ', 'UH'), ('PUNCT', ','), ('PRON', 'PRP'), ('AUX', 'VBP'), ('ADJ', 'JJ'), ('PROPN', 'NNP'), ('ADP', 'IN'), ('DET', 'DT'), ('NOUN', 'NN'), ('CCONJ', 'CC'), ('ADV', 'RB'), ('PRON', 'PRP'), ('AUX', 'VBP'), ('ADV', 'RB'), ('ADV', 'RB'), ('ADV', 'RB'), ('ADJ', 'JJ'), ('PART', 'TO'), ('AUX', 'VB'), ('ADJ', 'JJ'), ('PROPN', 'NNP'), ('PUNCT', ','), ('VERB', 'VB'), ('NOUN', 'NN'), ('PUNCT', ""''""), ('CCONJ', 'CC'), ('PRON', 'NN'), ('AUX', 'VBZ'), ('VERB', 'VBG'), ('AUX', 'VBP'), ('PART', 'RB'), ('VERB', 'VB'), ('PART', 'TO'), ('VERB', 'VB'), ('ADP', 'IN'), ('DET', 'DT'), ('NOUN', 'NN'), ('CCONJ', 'CC'), ('PUNCT', ','), ('NOUN', 'NN'), ('PUNCT', ','), ('PRON', 'PRP'), ('AUX', 'VBP'), ('ADJ', 'JJ'), ('PROPN', 'NNP'), ('AUX', 'VBD'), ('PRON', 'PRP'), ('VERB', 'VB'), ('PUNCT', '-LRB-'), ('AUX', 'VBD'), ('PRON', 'PRP'), ('VERB', 'VB'), ('PUNCT', '-RRB-'), ('PRON', 'PRP'), ('VERB', 'VBD'), ('ADP', 'IN'), ('PRON', 'PRP$'), ('NOUN', 'NN'), ('ADJ', 'JJ'), ('NOUN', 'NN'), ('PUNCT', '.'), ('NOUN', 'NN'), ('PRON', 'PRP'), ('AUX', 'VBD'), ('PART', 'RB'), ('VERB', 'VB'), ('PRON', 'PRP'), ('VERB', 'VBP'), ('PRON', 'PRP'), ('VERB', 'VB'), ('SCONJ', 'IN'), ('PRON', 'PRP'), ('AUX', 'VBP'), ('ADV', 'RB'), ('NOUN', 'NN'), ('PUNCT', 'HYPH'), ('VERB', 'VBN'), ('PROPN', 'NNP'), ('ADP', 'IN'), ('ADV', 'RB'), ('PUNCT', ','), ('CCONJ', 'CC'), ('PRON', 'PRP'), ('AUX', 'VBP'), ('VERB', 'VBN'), ('PRON', 'PRP'), ('ADJ', 'JJ'), ('ADV', 'RB'), ('PRON', 'PRP'), ('AUX', 'VBP'), ('VERB', 'VBG'), ('ADP', 'IN'), ('DET', 'DT'), ('NOUN', 'NN'), ('SCONJ', 'IN'), ('PRON', 'PRP'), ('AUX', 'VBP'), ('ADJ', 'JJ'), ('PUNCT', '-LRB-'), ('ADJ', 'JJ'), ('PUNCT', '-RRB-'), ('VERB', 'VBN'), ('ADP', 'IN'), ('DET', 'DT'), ('NOUN', 'NN'), ('PUNCT', ','), ('INTJ', 'UH'), ('PUNCT', ','), ('PRON', 'PRP'), ('AUX', 'VBP'), ('ADJ', 'JJ'), ('PUNCT', '-LRB-'), ('ADJ', 'JJ'), ('PUNCT', '-RRB-'), ('VERB', 'VBN'), ('ADP', 'IN'), ('DET', 'DT'), ('NOUN', 'NN'), ('PUNCT', ','), ('CCONJ', 'CC'), ('ADV', 'RB'), ('PRON', 'PRP'), ('AUX', 'VBP'), ('ADV', 'RB'), ('ADV', 'RB'), ('ADV', 'RB'), ('ADJ', 'JJ'), ('PART', 'TO'), ('AUX', 'VB'), ('ADJ', 'JJ'), ('PROPN', 'NNP'), ('PUNCT', ','), ('VERB', 'VB'), ('NOUN', 'NN'), ('PUNCT', ""''""), ('CCONJ', 'CC'), ('PRON', 'NN'), ('AUX', 'VBZ'), ('VERB', 'VBG'), ('AUX', 'VBP'), ('PART', 'RB'), ('VERB', 'VB'), ('PART', 'TO'), ('VERB', 'VB'), ('ADP', 'IN'), ('DET', 'DT'), ('NOUN', 'NN'), ('CCONJ', 'CC'), ('PUNCT', ','), ('NOUN', 'NN'), ('PUNCT', ','), ('PRON', 'PRP'), ('AUX', 'VBP'), ('ADJ', 'JJ'), ('PUNCT', '-LRB-'), ('ADJ', 'JJ'), ('PUNCT', '-RRB-'), ('PRON', 'PRP'), ('VERB', 'VBD'), ('PRON', 'PRP'), ('ADP', 'RP'), ('CCONJ', 'CC'), ('VERB', 'VBD'), ('PUNCT', ','), ('PUNCT', '``'), ('NOUN', 'NN'), ('PUNCT', ','), ('AUX', 'VBP'), ('PART', 'RB'), ('VERB', 'VB'), ('PUNCT', ""''""), ('PRON', 'PRP$'), ('ADJ', 'JJ'), ('NOUN', 'NN'), ('VERB', 'VBD'), ('ADP', 'RP'), ('DET', 'DT'), ('NOUN', 'NN'), ('PUNCT', '``'), ('PRON', 'PRP'), ('AUX', 'MD'), ('VERB', 'VB'), ('PRON', 'PRP'), ('ADV', 'RB'), ('PUNCT', ','), ('PRON', 'PRP'), ('AUX', 'VBP'), ('ADJ', 'JJ'), ('SCONJ', 'IN'), ('PRON', 'PRP'), ('PUNCT', ""''""), ('PRON', 'PRP'), ('VERB', 'VBD'), ('ADP', 'IN'), ('PRON', 'PRP$'), ('NOUN', 'NN'), ('ADV', 'RB'), ('PART', 'TO'), ('VERB', 'VB'), ('ADP', 'RP'), ('PRON', 'PRP$'), ('NOUN', 'NN'), ('SCONJ', 'IN'), ('PRON', 'PRP'), ('AUX', 'VBP'), ('ADJ', 'JJ'), ('PUNCT', '-LRB-'), ('ADJ', 'JJ'), ('PUNCT', '-RRB-'), ('VERB', 'VBN'), ('ADP', 'IN'), ('DET', 'DT'), ('NOUN', 'NN'), ('PUNCT', ','), ('INTJ', 'UH'), ('PUNCT', ','), ('PRON', 'PRP'), ('AUX', 'VBP'), ('ADJ', 'JJ'), ('PUNCT', '-LRB-'), ('ADJ', 'JJ'), ('PUNCT', '-RRB-'), ('VERB', 'VBN'), ('ADP', 'IN'), ('DET', 'DT'), ('NOUN', 'NN'), ('PUNCT', ','), ('CCONJ', 'CC'), ('ADV', 'RB'), ('PRON', 'PRP'), ('AUX', 'VBP'), ('ADV', 'RB'), ('ADV', 'RB'), ('ADV', 'RB'), ('ADJ', 'JJ'), ('PART', 'TO'), ('AUX', 'VB'), ('ADJ', 'JJ'), ('PROPN', 'NNP'), ('PUNCT', ','), ('VERB', 'VB'), ('NOUN', 'NN'), ('PUNCT', ""''""), ('CCONJ', 'CC'), ('PRON', 'NN'), ('AUX', 'VBZ'), ('VERB', 'VBG'), ('AUX', 'VBP'), ('PART', 'RB'), ('VERB', 'VB'), ('PART', 'TO'), ('VERB', 'VB'), ('ADP', 'IN'), ('DET', 'DT'), ('NOUN', 'NN'), ('CCONJ', 'CC'), ('PUNCT', ','), ('NOUN', 'NN'), ('PUNCT', ','), ('PRON', 'PRP'), ('AUX', 'VBP'), ('ADJ', 'JJ'), ('PUNCT', ','), ('INTJ', 'UH')]","['Bored', 'Bored', 'Baby', 'Bored', 'Charming', 'Baby', 'Baby']","['PRODUCT', 'ORDINAL', 'TIME', 'PRODUCT', 'PRODUCT']","[Baby, first, morning, Baby, Baby]"
3,5,Falling Behind,Everything I Know About Love,2022-08-26,"Moved out to a new city
June is dawning down on me
And all that I can find
A sickly romance in the air
Lovers stroll without a care in sight
Ooh, this can't be right
'Cause the sun's engaged to the sky
And my best friend's found a new guy
I'm only getting older
I've never had a shoulder to cry on
Someone to call mine
Everybody's falling in love and I'm falling behind
Touched the ocean, fell right in
Stepped outside and burned my skin
My life won't go my way
Bossa nova in my room
Hope that I'll find someone too to love
Because
The sun's engaged to the sky
And my best friend's found a new guy
I'm only getting older
I've never had a shoulder to cry on
Someone to call mine
Everybody's falling in love and I'm falling behind
Everybody's falling in love
Everybody's falling in love, oh
Everybody's falling in love but me
(One, two, three)","Moved out to a new city June is dawning down on me And all that I can find A sickly romance in the air Lovers stroll without a care in sight Ooh, this can't be right 'Cause the sun's engaged to the sky And my best friend's found a new guy I'm only getting older I've never had a shoulder to cry on Someone to call mine Everybody's falling in love and I'm falling behind Touched the ocean, fell right in Stepped outside and burned my skin My life won't go my way Bossa nova in my room Hope that I'll find someone too to love Because The sun's engaged to the sky And my best friend's found a new guy I'm only getting older I've never had a shoulder to cry on Someone to call mine Everybody's falling in love and I'm falling behind Everybody's falling in love Everybody's falling in love, oh Everybody's falling in love but me (One, two, three)","Moved out to a new city June is dawning down on me And all that I can find A sickly romance in the air Lovers stroll without a care in sight Ooh, this can't be right 'Cause the sun's engaged to the sky And my best friend's found a new guy I'm only getting older I've never had a shoulder to cry on Someone to call mine Everybody's falling in love and I'm falling behind Touched the ocean, fell right in Stepped outside and burned my skin My life won't go my way Bossa nova in my room Hope that I'll find someone too to love Because The sun's engaged to the sky And my best friend's found a new guy I'm only getting older I've never had a shoulder to cry on Someone to call mine Everybody's falling in love and I'm falling behind Everybody's falling in love Everybody's falling in love, oh Everybody's falling in love but me (One, two, three)","['Moved', 'out', 'to', 'a', 'new', 'city', 'June', 'is', 'dawning', 'down', 'on', 'me', 'And', 'all', 'that', 'I', 'can', 'find', 'A', 'sickly', 'romance', 'in', 'the', 'air', 'Lovers', 'stroll', 'without', 'a', 'care', 'in', 'sight', 'Ooh', ',', 'this', 'ca', ""n't"", 'be', 'right', ""'Cause"", 'the', 'sun', ""'s"", 'engaged', 'to', 'the', 'sky', 'And', 'my', 'best', 'friend', ""'s"", 'found', 'a', 'new', 'guy', 'I', ""'m"", 'only', 'getting', 'older', 'I', ""'ve"", 'never', 'had', 'a', 'shoulder', 'to', 'cry', 'on', 'Someone', 'to', 'call', 'mine', 'Everybody', ""'s"", 'falling', 'in', 'love', 'and', 'I', ""'m"", 'falling', 'behind', 'Touched', 'the', 'ocean', ',', 'fell', 'right', 'in', 'Stepped', 'outside', 'and', 'burned', 'my', 'skin', 'My', 'life', 'wo', ""n't"", 'go', 'my', 'way', 'Bossa', 'nova', 'in', 'my', 'room', 'Hope', 'that', 'I', ""'ll"", 'find', 'someone', 'too', 'to', 'love', 'Because', 'The', 'sun', ""'s"", 'engaged', 'to', 'the', 'sky', 'And', 'my', 'best', 'friend', ""'s"", 'found', 'a', 'new', 'guy', 'I', ""'m"", 'only', 'getting', 'older', 'I', ""'ve"", 'never', 'had', 'a', 'shoulder', 'to', 'cry', 'on', 'Someone', 'to', 'call', 'mine', 'Everybody', ""'s"", 'falling', 'in', 'love', 'and', 'I', ""'m"", 'falling', 'behind', 'Everybody', ""'s"", 'falling', 'in', 'love', 'Everybody', ""'s"", 'falling', 'in', 'love', ',', 'oh', 'Everybody', ""'s"", 'falling', 'in', 'love', 'but', 'me', '(', 'One', ',', 'two', ',', 'three', ')']","['move', 'out', 'to', 'a', 'new', 'city', 'June', 'be', 'dawn', 'down', 'on', 'I', 'and', 'all', 'that', 'I', 'can', 'find', 'a', 'sickly', 'romance', 'in', 'the', 'air', 'Lovers', 'stroll', 'without', 'a', 'care', 'in', 'sight', 'Ooh', ',', 'this', 'can', 'not', 'be', 'right', ""'cause"", 'the', 'sun', ""'s"", 'engaged', 'to', 'the', 'sky', 'and', 'my', 'good', 'friend', ""'s"", 'find', 'a', 'new', 'guy', 'I', 'be', 'only', 'get', 'old', 'I', 'have', 'never', 'have', 'a', 'shoulder', 'to', 'cry', 'on', 'someone', 'to', 'call', 'mine', 'everybody', 'be', 'fall', 'in', 'love', 'and', 'I', 'be', 'fall', 'behind', 'touch', 'the', 'ocean', ',', 'fall', 'right', 'in', 'stepped', 'outside', 'and', 'burn', 'my', 'skin', 'my', 'life', 'will', 'not', 'go', 'my', 'way', 'Bossa', 'nova', 'in', 'my', 'room', 'Hope', 'that', 'I', 'will', 'find', 'someone', 'too', 'to', 'love', 'because', 'the', 'sun', ""'s"", 'engaged', 'to', 'the', 'sky', 'and', 'my', 'good', 'friend', ""'s"", 'find', 'a', 'new', 'guy', 'I', 'be', 'only', 'get', 'old', 'I', 'have', 'never', 'have', 'a', 'shoulder', 'to', 'cry', 'on', 'someone', 'to', 'call', 'mine', 'everybody', 'be', 'fall', 'in', 'love', 'and', 'I', 'be', 'fall', 'behind', 'everybody', ""'s"", 'fall', 'in', 'love', 'everybody', ""'s"", 'fall', 'in', 'love', ',', 'oh', 'everybody', 'be', 'fall', 'in', 'love', 'but', 'I', '(', 'one', ',', 'two', ',', 'three', ')']","[('VERB', 'VBN'), ('ADP', 'RP'), ('ADP', 'IN'), ('DET', 'DT'), ('ADJ', 'JJ'), ('NOUN', 'NN'), ('PROPN', 'NNP'), ('AUX', 'VBZ'), ('VERB', 'VBG'), ('ADP', 'RP'), ('ADP', 'IN'), ('PRON', 'PRP'), ('CCONJ', 'CC'), ('PRON', 'DT'), ('PRON', 'WDT'), ('PRON', 'PRP'), ('AUX', 'MD'), ('VERB', 'VB'), ('DET', 'DT'), ('ADJ', 'JJ'), ('NOUN', 'NN'), ('ADP', 'IN'), ('DET', 'DT'), ('NOUN', 'NN'), ('PROPN', 'NNPS'), ('NOUN', 'NN'), ('ADP', 'IN'), ('DET', 'DT'), ('NOUN', 'NN'), ('ADP', 'IN'), ('NOUN', 'NN'), ('PROPN', 'NNP'), ('PUNCT', ','), ('PRON', 'DT'), ('AUX', 'MD'), ('PART', 'RB'), ('AUX', 'VB'), ('ADJ', 'JJ'), ('SCONJ', 'IN'), ('DET', 'DT'), ('NOUN', 'NN'), ('PART', 'POS'), ('ADJ', 'JJ'), ('ADP', 'IN'), ('DET', 'DT'), ('NOUN', 'NN'), ('CCONJ', 'CC'), ('PRON', 'PRP$'), ('ADJ', 'JJS'), ('NOUN', 'NN'), ('PART', 'POS'), ('VERB', 'VBN'), ('DET', 'DT'), ('ADJ', 'JJ'), ('NOUN', 'NN'), ('PRON', 'PRP'), ('AUX', 'VBP'), ('ADV', 'RB'), ('VERB', 'VBG'), ('ADJ', 'JJR'), ('PRON', 'PRP'), ('AUX', 'VBP'), ('ADV', 'RB'), ('VERB', 'VBN'), ('DET', 'DT'), ('NOUN', 'NN'), ('PART', 'TO'), ('VERB', 'VB'), ('ADP', 'IN'), ('PRON', 'NN'), ('PART', 'TO'), ('VERB', 'VB'), ('NOUN', 'NN'), ('PRON', 'NN'), ('AUX', 'VBZ'), ('VERB', 'VBG'), ('ADP', 'IN'), ('NOUN', 'NN'), ('CCONJ', 'CC'), ('PRON', 'PRP'), ('AUX', 'VBP'), ('VERB', 'VBG'), ('ADP', 'IN'), ('VERB', 'VBN'), ('DET', 'DT'), ('NOUN', 'NN'), ('PUNCT', ','), ('VERB', 'VBD'), ('ADV', 'RB'), ('ADP', 'IN'), ('ADJ', 'JJ'), ('ADV', 'RB'), ('CCONJ', 'CC'), ('VERB', 'VBD'), ('PRON', 'PRP$'), ('NOUN', 'NN'), ('PRON', 'PRP$'), ('NOUN', 'NN'), ('AUX', 'MD'), ('PART', 'RB'), ('VERB', 'VB'), ('PRON', 'PRP$'), ('NOUN', 'NN'), ('PROPN', 'NNP'), ('NOUN', 'NN'), ('ADP', 'IN'), ('PRON', 'PRP$'), ('NOUN', 'NN'), ('PROPN', 'NNP'), ('SCONJ', 'IN'), ('PRON', 'PRP'), ('AUX', 'MD'), ('VERB', 'VB'), ('PRON', 'NN'), ('ADV', 'RB'), ('PART', 'TO'), ('VERB', 'VB'), ('SCONJ', 'IN'), ('DET', 'DT'), ('NOUN', 'NN'), ('PART', 'POS'), ('ADJ', 'JJ'), ('ADP', 'IN'), ('DET', 'DT'), ('NOUN', 'NN'), ('CCONJ', 'CC'), ('PRON', 'PRP$'), ('ADJ', 'JJS'), ('NOUN', 'NN'), ('PART', 'POS'), ('VERB', 'VBN'), ('DET', 'DT'), ('ADJ', 'JJ'), ('NOUN', 'NN'), ('PRON', 'PRP'), ('AUX', 'VBP'), ('ADV', 'RB'), ('VERB', 'VBG'), ('ADJ', 'JJR'), ('PRON', 'PRP'), ('AUX', 'VBP'), ('ADV', 'RB'), ('VERB', 'VBN'), ('DET', 'DT'), ('NOUN', 'NN'), ('PART', 'TO'), ('VERB', 'VB'), ('ADP', 'IN'), ('PRON', 'NN'), ('PART', 'TO'), ('VERB', 'VB'), ('NOUN', 'NN'), ('PRON', 'NN'), ('AUX', 'VBZ'), ('VERB', 'VBG'), ('ADP', 'IN'), ('NOUN', 'NN'), ('CCONJ', 'CC'), ('PRON', 'PRP'), ('AUX', 'VBP'), ('VERB', 'VBG'), ('ADP', 'IN'), ('PRON', 'NN'), ('AUX', 'POS'), ('VERB', 'VBG'), ('ADP', 'IN'), ('NOUN', 'NN'), ('PRON', 'NN'), ('AUX', 'POS'), ('VERB', 'VBG'), ('ADP', 'IN'), ('NOUN', 'NN'), ('PUNCT', ','), ('INTJ', 'UH'), ('PRON', 'NN'), ('AUX', 'VBZ'), ('VERB', 'VBG'), ('ADP', 'IN'), ('NOUN', 'NN'), ('CCONJ', 'CC'), ('PRON', 'PRP'), ('PUNCT', '-LRB-'), ('NUM', 'CD'), ('PUNCT', ','), ('NUM', 'CD'), ('PUNCT', ','), ('NUM', 'CD'), ('PUNCT', '-RRB-')]","['June', 'Lovers', 'Ooh', 'Bossa', 'Hope']","['DATE', 'ORG', 'PERSON', 'PERSON', 'CARDINAL', 'CARDINAL', 'CARDINAL']","[June, Lovers, Ooh, Stepped, One, two, three]"
4,6,Fragile,Everything I Know About Love,2022-08-26,"Will you let me come closer to you?
I know that you're older, but what can I do?
I leave in the morning, I'll forget that I am surely falling (ah-ah)
Grew up in a case of fragile glass
But hammer away, it's time to crash
And as it shatters, let me shatter into you
The soft candle glow
The music so slow
Your skin on my skin
The room is spinning
Nerve on my bone
I'm shaking, oh no
I'm talking though, I shouldn't be
I've lost all sensibility
Ooh-ooh-ooh-ooh-ooh
I've never been so fragile
Ooh-ooh, ooh-ooh, ha-ah-ah
It's been a year and 40 days
Since you picked me up and swept me away
I wanted to run with you into the midnight sun with you
Now I sit around and rust in rain
Turn into dust as I just wait
For someone to hold me like you did that night, I still remember
The soft candle glow
The music so slow
Your skin on my skin
The room kept spinning
'Round, I'm alone
New town, on my own
I'm missing you, I shouldn't be
I've lost all sensibility
Ooh-ooh-ooh-ooh-ooh
I've never been so fragile
Fragile","Will you let me come closer to you? I know that you're older, but what can I do? I leave in the morning, I'll forget that I am surely falling (ah-ah) Grew up in a case of fragile glass But hammer away, it's time to crash And as it shatters, let me shatter into you The soft candle glow The music so slow Your skin on my skin The room is spinning Nerve on my bone I'm shaking, oh no I'm talking though, I shouldn't be I've lost all sensibility Ooh-ooh-ooh-ooh-ooh I've never been so fragile Ooh-ooh, ooh-ooh, ha-ah-ah It's been a year and 40 days Since you picked me up and swept me away I wanted to run with you into the midnight sun with you Now I sit around and rust in rain Turn into dust as I just wait For someone to hold me like you did that night, I still remember The soft candle glow The music so slow Your skin on my skin The room kept spinning 'Round, I'm alone New town, on my own I'm missing you, I shouldn't be I've lost all sensibility Ooh-ooh-ooh-ooh-ooh I've never been so fragile Fragile","Will you let me come closer to you? I know that you're older, but what can I do? I leave in the morning, I'll forget that I am surely falling (ah-ah) Grew up in a case of fragile glass But hammer away, it's time to crash And as it shatters, let me shatter into you The soft candle glow The music so slow Your skin on my skin The room is spinning Nerve on my bone I'm shaking, oh no I'm talking though, I shouldn't be I've lost all sensibility Ooh-ooh-ooh-ooh-ooh I've never been so fragile Ooh-ooh, ooh-ooh, ha-ah-ah It's been a year and 40 days Since you picked me up and swept me away I wanted to run with you into the midnight sun with you Now I sit around and rust in rain Turn into dust as I just wait For someone to hold me like you did that night, I still remember The soft candle glow The music so slow Your skin on my skin The room kept spinning 'Round, I'm alone New town, on my own I'm missing you, I shouldn't be I've lost all sensibility Ooh-ooh-ooh-ooh-ooh I've never been so fragile Fragile","['Will', 'you', 'let', 'me', 'come', 'closer', 'to', 'you', '?', 'I', 'know', 'that', 'you', ""'re"", 'older', ',', 'but', 'what', 'can', 'I', 'do', '?', 'I', 'leave', 'in', 'the', 'morning', ',', 'I', ""'ll"", 'forget', 'that', 'I', 'am', 'surely', 'falling', '(', 'ah', '-', 'ah', ')', 'Grew', 'up', 'in', 'a', 'case', 'of', 'fragile', 'glass', 'But', 'hammer', 'away', ',', 'it', ""'s"", 'time', 'to', 'crash', 'And', 'as', 'it', 'shatters', ',', 'let', 'me', 'shatter', 'into', 'you', 'The', 'soft', 'candle', 'glow', 'The', 'music', 'so', 'slow', 'Your', 'skin', 'on', 'my', 'skin', 'The', 'room', 'is', 'spinning', 'Nerve', 'on', 'my', 'bone', 'I', ""'m"", 'shaking', ',', 'oh', 'no', 'I', ""'m"", 'talking', 'though', ',', 'I', 'should', ""n't"", 'be', 'I', ""'ve"", 'lost', 'all', 'sensibility', 'Ooh', '-', 'ooh', '-', 'ooh', '-', 'ooh', '-', 'ooh', 'I', ""'ve"", 'never', 'been', 'so', 'fragile', 'Ooh', '-', 'ooh', ',', 'ooh', '-', 'ooh', ',', 'ha', '-', 'ah', '-', 'ah', 'It', ""'s"", 'been', 'a', 'year', 'and', '40', 'days', 'Since', 'you', 'picked', 'me', 'up', 'and', 'swept', 'me', 'away', 'I', 'wanted', 'to', 'run', 'with', 'you', 'into', 'the', 'midnight', 'sun', 'with', 'you', 'Now', 'I', 'sit', 'around', 'and', 'rust', 'in', 'rain', 'Turn', 'into', 'dust', 'as', 'I', 'just', 'wait', 'For', 'someone', 'to', 'hold', 'me', 'like', 'you', 'did', 'that', 'night', ',', 'I', 'still', 'remember', 'The', 'soft', 'candle', 'glow', 'The', 'music', 'so', 'slow', 'Your', 'skin', 'on', 'my', 'skin', 'The', 'room', 'kept', 'spinning', ""'"", 'Round', ',', 'I', ""'m"", 'alone', 'New', 'town', ',', 'on', 'my', 'own', 'I', ""'m"", 'missing', 'you', ',', 'I', 'should', ""n't"", 'be', 'I', ""'ve"", 'lost', 'all', 'sensibility', 'Ooh', '-', 'ooh', '-', 'ooh', '-', 'ooh', '-', 'ooh', 'I', ""'ve"", 'never', 'been', 'so', 'fragile', 'Fragile']","['will', 'you', 'let', 'I', 'come', 'close', 'to', 'you', '?', 'I', 'know', 'that', 'you', 'be', 'old', ',', 'but', 'what', 'can', 'I', 'do', '?', 'I', 'leave', 'in', 'the', 'morning', ',', 'I', 'will', 'forget', 'that', 'I', 'be', 'surely', 'fall', '(', 'ah', '-', 'ah', ')', 'grow', 'up', 'in', 'a', 'case', 'of', 'fragile', 'glass', 'but', 'hammer', 'away', ',', 'it', 'be', 'time', 'to', 'crash', 'and', 'as', 'it', 'shatter', ',', 'let', 'I', 'shatter', 'into', 'you', 'the', 'soft', 'candle', 'glow', 'the', 'music', 'so', 'slow', 'your', 'skin', 'on', 'my', 'skin', 'the', 'room', 'be', 'spin', 'Nerve', 'on', 'my', 'bone', 'I', 'be', 'shake', ',', 'oh', 'no', 'I', 'be', 'talk', 'though', ',', 'I', 'should', 'not', 'be', 'I', 'have', 'lose', 'all', 'sensibility', 'ooh', '-', 'ooh', '-', 'ooh', '-', 'ooh', '-', 'ooh', 'I', 'have', 'never', 'be', 'so', 'fragile', 'Ooh', '-', 'ooh', ',', 'ooh', '-', 'ooh', ',', 'ha', '-', 'ah', '-', 'ah', 'it', 'be', 'be', 'a', 'year', 'and', '40', 'day', 'since', 'you', 'pick', 'I', 'up', 'and', 'sweep', 'I', 'away', 'I', 'want', 'to', 'run', 'with', 'you', 'into', 'the', 'midnight', 'sun', 'with', 'you', 'now', 'I', 'sit', 'around', 'and', 'rust', 'in', 'rain', 'turn', 'into', 'dust', 'as', 'I', 'just', 'wait', 'for', 'someone', 'to', 'hold', 'I', 'like', 'you', 'do', 'that', 'night', ',', 'I', 'still', 'remember', 'the', 'soft', 'candle', 'glow', 'the', 'music', 'so', 'slow', 'your', 'skin', 'on', 'my', 'skin', 'the', 'room', 'keep', 'spin', ""'"", 'round', ',', 'I', 'be', 'alone', 'New', 'town', ',', 'on', 'my', 'own', 'I', 'be', 'miss', 'you', ',', 'I', 'should', 'not', 'be', 'I', 'have', 'lose', 'all', 'sensibility', 'ooh', '-', 'ooh', '-', 'ooh', '-', 'ooh', '-', 'ooh', 'I', 'have', 'never', 'be', 'so', 'fragile', 'fragile']","[('AUX', 'MD'), ('PRON', 'PRP'), ('VERB', 'VB'), ('PRON', 'PRP'), ('VERB', 'VB'), ('ADV', 'RBR'), ('ADP', 'IN'), ('PRON', 'PRP'), ('PUNCT', '.'), ('PRON', 'PRP'), ('VERB', 'VBP'), ('SCONJ', 'IN'), ('PRON', 'PRP'), ('AUX', 'VBP'), ('ADJ', 'JJR'), ('PUNCT', ','), ('CCONJ', 'CC'), ('PRON', 'WP'), ('AUX', 'MD'), ('PRON', 'PRP'), ('VERB', 'VB'), ('PUNCT', '.'), ('PRON', 'PRP'), ('VERB', 'VBP'), ('ADP', 'IN'), ('DET', 'DT'), ('NOUN', 'NN'), ('PUNCT', ','), ('PRON', 'PRP'), ('AUX', 'MD'), ('VERB', 'VB'), ('SCONJ', 'IN'), ('PRON', 'PRP'), ('AUX', 'VBP'), ('ADV', 'RB'), ('VERB', 'VBG'), ('PUNCT', '-LRB-'), ('INTJ', 'UH'), ('PUNCT', 'HYPH'), ('INTJ', 'UH'), ('PUNCT', '-RRB-'), ('VERB', 'VBD'), ('ADP', 'RP'), ('ADP', 'IN'), ('DET', 'DT'), ('NOUN', 'NN'), ('ADP', 'IN'), ('ADJ', 'JJ'), ('NOUN', 'NN'), ('CCONJ', 'CC'), ('NOUN', 'NN'), ('ADV', 'RB'), ('PUNCT', ','), ('PRON', 'PRP'), ('AUX', 'VBZ'), ('NOUN', 'NN'), ('PART', 'TO'), ('VERB', 'VB'), ('CCONJ', 'CC'), ('SCONJ', 'IN'), ('PRON', 'PRP'), ('VERB', 'VBZ'), ('PUNCT', ','), ('VERB', 'VB'), ('PRON', 'PRP'), ('VERB', 'VB'), ('ADP', 'IN'), ('PRON', 'PRP'), ('DET', 'DT'), ('ADJ', 'JJ'), ('NOUN', 'NN'), ('NOUN', 'NN'), ('DET', 'DT'), ('NOUN', 'NN'), ('ADV', 'RB'), ('VERB', 'VBP'), ('PRON', 'PRP$'), ('NOUN', 'NN'), ('ADP', 'IN'), ('PRON', 'PRP$'), ('NOUN', 'NN'), ('DET', 'DT'), ('NOUN', 'NN'), ('AUX', 'VBZ'), ('VERB', 'VBG'), ('PROPN', 'NNP'), ('ADP', 'IN'), ('PRON', 'PRP$'), ('NOUN', 'NN'), ('PRON', 'PRP'), ('AUX', 'VBP'), ('VERB', 'VBG'), ('PUNCT', ','), ('INTJ', 'UH'), ('INTJ', 'UH'), ('PRON', 'PRP'), ('AUX', 'VBP'), ('VERB', 'VBG'), ('ADV', 'RB'), ('PUNCT', ','), ('PRON', 'PRP'), ('AUX', 'MD'), ('PART', 'RB'), ('AUX', 'VB'), ('PRON', 'PRP'), ('AUX', 'VBP'), ('VERB', 'VBN'), ('DET', 'DT'), ('NOUN', 'NN'), ('NOUN', 'NN'), ('PUNCT', 'HYPH'), ('ADJ', 'JJ'), ('PUNCT', 'HYPH'), ('ADJ', 'JJ'), ('PUNCT', 'HYPH'), ('NOUN', 'NN'), ('PUNCT', 'HYPH'), ('INTJ', 'UH'), ('PRON', 'PRP'), ('AUX', 'VBP'), ('ADV', 'RB'), ('AUX', 'VBN'), ('ADV', 'RB'), ('ADJ', 'JJ'), ('PROPN', 'NNP'), ('PUNCT', 'HYPH'), ('PROPN', 'NNP'), ('PUNCT', ','), ('PROPN', 'NNP'), ('PUNCT', 'HYPH'), ('PROPN', 'NNP'), ('PUNCT', ','), ('INTJ', 'UH'), ('INTJ', 'UH'), ('INTJ', 'UH'), ('INTJ', 'UH'), ('INTJ', 'UH'), ('PRON', 'PRP'), ('AUX', 'VBZ'), ('AUX', 'VBN'), ('DET', 'DT'), ('NOUN', 'NN'), ('CCONJ', 'CC'), ('NUM', 'CD'), ('NOUN', 'NNS'), ('SCONJ', 'IN'), ('PRON', 'PRP'), ('VERB', 'VBD'), ('PRON', 'PRP'), ('ADP', 'RP'), ('CCONJ', 'CC'), ('VERB', 'VBD'), ('PRON', 'PRP'), ('ADV', 'RB'), ('PRON', 'PRP'), ('VERB', 'VBD'), ('PART', 'TO'), ('VERB', 'VB'), ('ADP', 'IN'), ('PRON', 'PRP'), ('ADP', 'IN'), ('DET', 'DT'), ('NOUN', 'NN'), ('NOUN', 'NN'), ('ADP', 'IN'), ('PRON', 'PRP'), ('ADV', 'RB'), ('PRON', 'PRP'), ('VERB', 'VBP'), ('ADV', 'RB'), ('CCONJ', 'CC'), ('VERB', 'VB'), ('ADP', 'IN'), ('NOUN', 'NN'), ('VERB', 'VB'), ('ADP', 'IN'), ('NOUN', 'NN'), ('SCONJ', 'IN'), ('PRON', 'PRP'), ('ADV', 'RB'), ('VERB', 'VBP'), ('ADP', 'IN'), ('PRON', 'NN'), ('PART', 'TO'), ('VERB', 'VB'), ('PRON', 'PRP'), ('SCONJ', 'IN'), ('PRON', 'PRP'), ('VERB', 'VBD'), ('DET', 'DT'), ('NOUN', 'NN'), ('PUNCT', ','), ('PRON', 'PRP'), ('ADV', 'RB'), ('VERB', 'VBP'), ('DET', 'DT'), ('ADJ', 'JJ'), ('NOUN', 'NN'), ('NOUN', 'NN'), ('DET', 'DT'), ('NOUN', 'NN'), ('ADV', 'RB'), ('VERB', 'VBP'), ('PRON', 'PRP$'), ('NOUN', 'NN'), ('ADP', 'IN'), ('PRON', 'PRP$'), ('NOUN', 'NN'), ('DET', 'DT'), ('NOUN', 'NN'), ('VERB', 'VBD'), ('VERB', 'VBG'), ('PUNCT', '``'), ('NOUN', 'NN'), ('PUNCT', ','), ('PRON', 'PRP'), ('AUX', 'VBP'), ('ADJ', 'JJ'), ('PROPN', 'NNP'), ('NOUN', 'NN'), ('PUNCT', ','), ('ADP', 'IN'), ('PRON', 'PRP$'), ('ADJ', 'JJ'), ('PRON', 'PRP'), ('AUX', 'VBP'), ('VERB', 'VBG'), ('PRON', 'PRP'), ('PUNCT', ','), ('PRON', 'PRP'), ('AUX', 'MD'), ('PART', 'RB'), ('AUX', 'VB'), ('PRON', 'PRP'), ('AUX', 'VBP'), ('VERB', 'VBN'), ('DET', 'DT'), ('NOUN', 'NN'), ('NOUN', 'NN'), ('PUNCT', 'HYPH'), ('ADJ', 'JJ'), ('PUNCT', 'HYPH'), ('ADJ', 'JJ'), ('PUNCT', 'HYPH'), ('NOUN', 'NN'), ('PUNCT', 'HYPH'), ('INTJ', 'UH'), ('PRON', 'PRP'), ('AUX', 'VBP'), ('ADV', 'RB'), ('AUX', 'VBN'), ('ADV', 'RB'), ('ADJ', 'JJ'), ('ADJ', 'JJ')]","['Nerve', 'Ooh', 'ooh', 'ooh', 'ooh', 'New']","['TIME', 'PERSON', 'DATE', 'DATE', 'TIME', 'PRODUCT', 'ORG']","[the morning, Nerve, a year, 40 days, midnight, Round, Fragile]"
5,7,From The Start,Bewitched,2023-09-08,"Don't you notice how
I get quiet when there's no one else around?
Me and you and awkward silence
Don't you dare look at me that way
I don't need reminders of how you don't feel the same
Oh, the burning pain
Listening to you harp on 'bout some new soulmate
""She's so perfect, "" blah, blah, blah
Oh, how I wish you'll wake up one day
Run to me, confess your love, at least just let me say
That when I talk to you, oh, Cupid walks right through
And shoots an arrow through my heart
And I sound like a loon, but don't you feel it too?
Confess I loved you from the start
What's a girl to do?
Lying on my bed, staring into the blue
Unrequited, terrifying
Love is driving me a bit insane
Have to get this off my chest
I'm telling you today
That when I talk to you, oh, Cupid walks right through
And shoots an arrow through my heart
And I sound like a loon, but don't you feel it too?
Confess I loved you from the start
Confess I loved you
Just thinking of you
I know I've loved you from the start","Don't you notice how I get quiet when there's no one else around? Me and you and awkward silence Don't you dare look at me that way I don't need reminders of how you don't feel the same Oh, the burning pain Listening to you harp on 'bout some new soulmate ""She's so perfect, "" blah, blah, blah Oh, how I wish you'll wake up one day Run to me, confess your love, at least just let me say That when I talk to you, oh, Cupid walks right through And shoots an arrow through my heart And I sound like a loon, but don't you feel it too? Confess I loved you from the start What's a girl to do? Lying on my bed, staring into the blue Unrequited, terrifying Love is driving me a bit insane Have to get this off my chest I'm telling you today That when I talk to you, oh, Cupid walks right through And shoots an arrow through my heart And I sound like a loon, but don't you feel it too? Confess I loved you from the start Confess I loved you Just thinking of you I know I've loved you from the start","Don't you notice how I get quiet when there's no one else around? Me and you and awkward silence Don't you dare look at me that way I don't need reminders of how you don't feel the same Oh, the burning pain Listening to you harp on 'bout some new soulmate ""She's so perfect, "" blah, blah, blah Oh, how I wish you'll wake up one day Run to me, confess your love, at least just let me say That when I talk to you, oh, Cupid walks right through And shoots an arrow through my heart And I sound like a loon, but don't you feel it too? Confess I loved you from the start What's a girl to do? Lying on my bed, staring into the blue Unrequited, terrifying Love is driving me a bit insane Have to get this off my chest I'm telling you today That when I talk to you, oh, Cupid walks right through And shoots an arrow through my heart And I sound like a loon, but don't you feel it too? Confess I loved you from the start Confess I loved you Just thinking of you I know I've loved you from the start","['Do', ""n't"", 'you', 'notice', 'how', 'I', 'get', 'quiet', 'when', 'there', ""'s"", 'no', 'one', 'else', 'around', '?', 'Me', 'and', 'you', 'and', 'awkward', 'silence', 'Do', ""n't"", 'you', 'dare', 'look', 'at', 'me', 'that', 'way', 'I', 'do', ""n't"", 'need', 'reminders', 'of', 'how', 'you', 'do', ""n't"", 'feel', 'the', 'same', 'Oh', ',', 'the', 'burning', 'pain', 'Listening', 'to', 'you', 'harp', 'on', ""'bout"", 'some', 'new', 'soulmate', '""', 'She', ""'s"", 'so', 'perfect', ',', '""', 'blah', ',', 'blah', ',', 'blah', 'Oh', ',', 'how', 'I', 'wish', 'you', ""'ll"", 'wake', 'up', 'one', 'day', 'Run', 'to', 'me', ',', 'confess', 'your', 'love', ',', 'at', 'least', 'just', 'let', 'me', 'say', 'That', 'when', 'I', 'talk', 'to', 'you', ',', 'oh', ',', 'Cupid', 'walks', 'right', 'through', 'And', 'shoots', 'an', 'arrow', 'through', 'my', 'heart', 'And', 'I', 'sound', 'like', 'a', 'loon', ',', 'but', 'do', ""n't"", 'you', 'feel', 'it', 'too', '?', 'Confess', 'I', 'loved', 'you', 'from', 'the', 'start', 'What', ""'s"", 'a', 'girl', 'to', 'do', '?', 'Lying', 'on', 'my', 'bed', ',', 'staring', 'into', 'the', 'blue', 'Unrequited', ',', 'terrifying', 'Love', 'is', 'driving', 'me', 'a', 'bit', 'insane', 'Have', 'to', 'get', 'this', 'off', 'my', 'chest', 'I', ""'m"", 'telling', 'you', 'today', 'That', 'when', 'I', 'talk', 'to', 'you', ',', 'oh', ',', 'Cupid', 'walks', 'right', 'through', 'And', 'shoots', 'an', 'arrow', 'through', 'my', 'heart', 'And', 'I', 'sound', 'like', 'a', 'loon', ',', 'but', 'do', ""n't"", 'you', 'feel', 'it', 'too', '?', 'Confess', 'I', 'loved', 'you', 'from', 'the', 'start', 'Confess', 'I', 'loved', 'you', 'Just', 'thinking', 'of', 'you', 'I', 'know', 'I', ""'ve"", 'loved', 'you', 'from', 'the', 'start']","['do', 'not', 'you', 'notice', 'how', 'I', 'get', 'quiet', 'when', 'there', 'be', 'no', 'one', 'else', 'around', '?', 'I', 'and', 'you', 'and', 'awkward', 'silence', 'do', 'not', 'you', 'dare', 'look', 'at', 'I', 'that', 'way', 'I', 'do', 'not', 'need', 'reminder', 'of', 'how', 'you', 'do', 'not', 'feel', 'the', 'same', 'oh', ',', 'the', 'burn', 'pain', 'listen', 'to', 'you', 'harp', 'on', ""'bout"", 'some', 'new', 'soulmate', '""', 'she', 'be', 'so', 'perfect', ',', '""', 'blah', ',', 'blah', ',', 'blah', 'oh', ',', 'how', 'I', 'wish', 'you', 'will', 'wake', 'up', 'one', 'day', 'run', 'to', 'I', ',', 'confess', 'your', 'love', ',', 'at', 'least', 'just', 'let', 'I', 'say', 'that', 'when', 'I', 'talk', 'to', 'you', ',', 'oh', ',', 'Cupid', 'walk', 'right', 'through', 'and', 'shoot', 'an', 'arrow', 'through', 'my', 'heart', 'and', 'I', 'sound', 'like', 'a', 'loon', ',', 'but', 'do', 'not', 'you', 'feel', 'it', 'too', '?', 'Confess', 'I', 'love', 'you', 'from', 'the', 'start', 'what', 'be', 'a', 'girl', 'to', 'do', '?', 'lie', 'on', 'my', 'bed', ',', 'stare', 'into', 'the', 'blue', 'Unrequited', ',', 'terrify', 'Love', 'be', 'drive', 'I', 'a', 'bit', 'insane', 'have', 'to', 'get', 'this', 'off', 'my', 'chest', 'I', 'be', 'tell', 'you', 'today', 'that', 'when', 'I', 'talk', 'to', 'you', ',', 'oh', ',', 'Cupid', 'walk', 'right', 'through', 'and', 'shoot', 'an', 'arrow', 'through', 'my', 'heart', 'and', 'I', 'sound', 'like', 'a', 'loon', ',', 'but', 'do', 'not', 'you', 'feel', 'it', 'too', '?', 'Confess', 'I', 'love', 'you', 'from', 'the', 'start', 'Confess', 'I', 'love', 'you', 'just', 'think', 'of', 'you', 'I', 'know', 'I', 'have', 'love', 'you', 'from', 'the', 'start']","[('AUX', 'VBP'), ('PART', 'RB'), ('PRON', 'PRP'), ('VERB', 'VB'), ('SCONJ', 'WRB'), ('PRON', 'PRP'), ('VERB', 'VBP'), ('ADJ', 'JJ'), ('SCONJ', 'WRB'), ('PRON', 'EX'), ('VERB', 'VBZ'), ('DET', 'DT'), ('NOUN', 'NN'), ('ADV', 'RB'), ('ADV', 'RB'), ('PUNCT', '.'), ('PRON', 'PRP'), ('CCONJ', 'CC'), ('PRON', 'PRP'), ('CCONJ', 'CC'), ('ADJ', 'JJ'), ('NOUN', 'NN'), ('AUX', 'VBP'), ('PART', 'RB'), ('PRON', 'PRP'), ('VERB', 'VB'), ('VERB', 'VB'), ('ADP', 'IN'), ('PRON', 'PRP'), ('DET', 'DT'), ('NOUN', 'NN'), ('PRON', 'PRP'), ('AUX', 'VBP'), ('PART', 'RB'), ('VERB', 'VB'), ('NOUN', 'NNS'), ('ADP', 'IN'), ('SCONJ', 'WRB'), ('PRON', 'PRP'), ('AUX', 'VBP'), ('PART', 'RB'), ('VERB', 'VB'), ('DET', 'DT'), ('ADJ', 'JJ'), ('INTJ', 'UH'), ('PUNCT', ','), ('DET', 'DT'), ('VERB', 'VBG'), ('NOUN', 'NN'), ('VERB', 'VBG'), ('ADP', 'IN'), ('PRON', 'PRP'), ('VERB', 'VBP'), ('ADP', 'RP'), ('ADP', 'IN'), ('DET', 'DT'), ('ADJ', 'JJ'), ('NOUN', 'NN'), ('PUNCT', '``'), ('PRON', 'PRP'), ('AUX', 'VBZ'), ('ADV', 'RB'), ('ADJ', 'JJ'), ('PUNCT', ','), ('PUNCT', ""''""), ('PROPN', 'NNP'), ('PUNCT', ','), ('PROPN', 'NNP'), ('PUNCT', ','), ('INTJ', 'UH'), ('INTJ', 'UH'), ('PUNCT', ','), ('SCONJ', 'WRB'), ('PRON', 'PRP'), ('VERB', 'VBP'), ('PRON', 'PRP'), ('AUX', 'MD'), ('VERB', 'VB'), ('ADP', 'RP'), ('NUM', 'CD'), ('NOUN', 'NN'), ('VERB', 'VB'), ('ADP', 'IN'), ('PRON', 'PRP'), ('PUNCT', ','), ('VERB', 'VB'), ('PRON', 'PRP$'), ('NOUN', 'NN'), ('PUNCT', ','), ('ADP', 'IN'), ('ADJ', 'JJS'), ('ADV', 'RB'), ('VERB', 'VB'), ('PRON', 'PRP'), ('VERB', 'VB'), ('SCONJ', 'IN'), ('SCONJ', 'WRB'), ('PRON', 'PRP'), ('VERB', 'VBP'), ('ADP', 'IN'), ('PRON', 'PRP'), ('PUNCT', ','), ('INTJ', 'UH'), ('PUNCT', ','), ('PROPN', 'NNP'), ('VERB', 'VBZ'), ('ADV', 'RB'), ('ADV', 'RB'), ('CCONJ', 'CC'), ('VERB', 'VBZ'), ('DET', 'DT'), ('NOUN', 'NN'), ('ADP', 'IN'), ('PRON', 'PRP$'), ('NOUN', 'NN'), ('CCONJ', 'CC'), ('PRON', 'PRP'), ('VERB', 'VBP'), ('ADP', 'IN'), ('DET', 'DT'), ('NOUN', 'NN'), ('PUNCT', ','), ('CCONJ', 'CC'), ('AUX', 'VBP'), ('PART', 'RB'), ('PRON', 'PRP'), ('VERB', 'VB'), ('PRON', 'PRP'), ('ADV', 'RB'), ('PUNCT', '.'), ('PROPN', 'NNP'), ('PRON', 'PRP'), ('VERB', 'VBD'), ('PRON', 'PRP'), ('ADP', 'IN'), ('DET', 'DT'), ('NOUN', 'NN'), ('PRON', 'WP'), ('AUX', 'VBZ'), ('DET', 'DT'), ('NOUN', 'NN'), ('PART', 'TO'), ('VERB', 'VB'), ('PUNCT', '.'), ('VERB', 'VBG'), ('ADP', 'IN'), ('PRON', 'PRP$'), ('NOUN', 'NN'), ('PUNCT', ','), ('VERB', 'VBG'), ('ADP', 'IN'), ('DET', 'DT'), ('ADJ', 'JJ'), ('PROPN', 'NNP'), ('PUNCT', ','), ('VERB', 'VBG'), ('PROPN', 'NNP'), ('AUX', 'VBZ'), ('VERB', 'VBG'), ('PRON', 'PRP'), ('DET', 'DT'), ('NOUN', 'NN'), ('ADJ', 'JJ'), ('AUX', 'VBP'), ('PART', 'TO'), ('VERB', 'VB'), ('PRON', 'DT'), ('ADP', 'IN'), ('PRON', 'PRP$'), ('NOUN', 'NN'), ('PRON', 'PRP'), ('AUX', 'VBP'), ('VERB', 'VBG'), ('PRON', 'PRP'), ('NOUN', 'NN'), ('SCONJ', 'IN'), ('SCONJ', 'WRB'), ('PRON', 'PRP'), ('VERB', 'VBP'), ('ADP', 'IN'), ('PRON', 'PRP'), ('PUNCT', ','), ('INTJ', 'UH'), ('PUNCT', ','), ('PROPN', 'NNP'), ('VERB', 'VBZ'), ('ADV', 'RB'), ('ADV', 'RB'), ('CCONJ', 'CC'), ('VERB', 'VBZ'), ('DET', 'DT'), ('NOUN', 'NN'), ('ADP', 'IN'), ('PRON', 'PRP$'), ('NOUN', 'NN'), ('CCONJ', 'CC'), ('PRON', 'PRP'), ('VERB', 'VBP'), ('ADP', 'IN'), ('DET', 'DT'), ('NOUN', 'NN'), ('PUNCT', ','), ('CCONJ', 'CC'), ('AUX', 'VBP'), ('PART', 'RB'), ('PRON', 'PRP'), ('VERB', 'VB'), ('PRON', 'PRP'), ('ADV', 'RB'), ('PUNCT', '.'), ('PROPN', 'NNP'), ('PRON', 'PRP'), ('VERB', 'VBD'), ('PRON', 'PRP'), ('ADP', 'IN'), ('DET', 'DT'), ('NOUN', 'NN'), ('PROPN', 'NNP'), ('PRON', 'PRP'), ('VERB', 'VBD'), ('PRON', 'PRP'), ('ADV', 'RB'), ('VERB', 'VBG'), ('ADP', 'IN'), ('PRON', 'PRP'), ('PRON', 'PRP'), ('VERB', 'VBP'), ('PRON', 'PRP'), ('AUX', 'VBP'), ('VERB', 'VBD'), ('PRON', 'PRP'), ('ADP', 'IN'), ('DET', 'DT'), ('NOUN', 'NN')]","['blah', 'blah', 'Cupid', 'Confess', 'Unrequited', 'Love', 'Cupid', 'Confess', 'Confess']","['DATE', 'ORG', 'ORG', 'WORK_OF_ART', 'DATE', 'ORG']","[one day, Cupid, Unrequited, Love, today, Cupid]"
6,8,Goddess,Bewitched: The Goddess Edition,2024-04-26,"It always goes like this
Could've predicted it
I'm so naive to think you loved me for me
Kissed as I ran off stage
Too old to play this game
Guess you're still growing up at thirty
Oh
Were you surprised by me
When you took me home?
When the glamor wore off
Reduced to skin and bone
I can't even tell
Who you want to know
I'm a goddess on stage
Human when we're alone
You took a star to bed
Woke up with me instead
You must have felt so damn deceived
When you made up a version of
Me that you thought you'd love
But I am not your Aphrodite
Oh
Were you surprised by me
When you took me home?
When the glamor wore off
Reduced to skin and bone
I can't even tell
Who you want to know
I'm a goddess on stage
Human when we're alone
You took me for a fool
You stole my youth
You wanted this so much
You watched me rise
Then killed my light
And now you know
I'm not your fucking goddess
Oh, oh
I'm no goddess when I'm alone","It always goes like this Could've predicted it I'm so naive to think you loved me for me Kissed as I ran off stage Too old to play this game Guess you're still growing up at thirty Oh Were you surprised by me When you took me home? When the glamor wore off Reduced to skin and bone I can't even tell Who you want to know I'm a goddess on stage Human when we're alone You took a star to bed Woke up with me instead You must have felt so damn deceived When you made up a version of Me that you thought you'd love But I am not your Aphrodite Oh Were you surprised by me When you took me home? When the glamor wore off Reduced to skin and bone I can't even tell Who you want to know I'm a goddess on stage Human when we're alone You took me for a fool You stole my youth You wanted this so much You watched me rise Then killed my light And now you know I'm not your fucking goddess Oh, oh I'm no goddess when I'm alone","It always goes like this Could've predicted it I'm so naive to think you loved me for me Kissed as I ran off stage Too old to play this game Guess you're still growing up at thirty Oh Were you surprised by me When you took me home? When the glamor wore off Reduced to skin and bone I can't even tell Who you want to know I'm a goddess on stage Human when we're alone You took a star to bed Woke up with me instead You must have felt so damn deceived When you made up a version of Me that you thought you'd love But I am not your Aphrodite Oh Were you surprised by me When you took me home? When the glamor wore off Reduced to skin and bone I can't even tell Who you want to know I'm a goddess on stage Human when we're alone You took me for a fool You stole my youth You wanted this so much You watched me rise Then killed my light And now you know I'm not your fucking goddess Oh, oh I'm no goddess when I'm alone","['It', 'always', 'goes', 'like', 'this', 'Could', ""'ve"", 'predicted', 'it', 'I', ""'m"", 'so', 'naive', 'to', 'think', 'you', 'loved', 'me', 'for', 'me', 'Kissed', 'as', 'I', 'ran', 'off', 'stage', 'Too', 'old', 'to', 'play', 'this', 'game', 'Guess', 'you', ""'re"", 'still', 'growing', 'up', 'at', 'thirty', 'Oh', 'Were', 'you', 'surprised', 'by', 'me', 'When', 'you', 'took', 'me', 'home', '?', 'When', 'the', 'glamor', 'wore', 'off', 'Reduced', 'to', 'skin', 'and', 'bone', 'I', 'ca', ""n't"", 'even', 'tell', 'Who', 'you', 'want', 'to', 'know', 'I', ""'m"", 'a', 'goddess', 'on', 'stage', 'Human', 'when', 'we', ""'re"", 'alone', 'You', 'took', 'a', 'star', 'to', 'bed', 'Woke', 'up', 'with', 'me', 'instead', 'You', 'must', 'have', 'felt', 'so', 'damn', 'deceived', 'When', 'you', 'made', 'up', 'a', 'version', 'of', 'Me', 'that', 'you', 'thought', 'you', ""'d"", 'love', 'But', 'I', 'am', 'not', 'your', 'Aphrodite', 'Oh', 'Were', 'you', 'surprised', 'by', 'me', 'When', 'you', 'took', 'me', 'home', '?', 'When', 'the', 'glamor', 'wore', 'off', 'Reduced', 'to', 'skin', 'and', 'bone', 'I', 'ca', ""n't"", 'even', 'tell', 'Who', 'you', 'want', 'to', 'know', 'I', ""'m"", 'a', 'goddess', 'on', 'stage', 'Human', 'when', 'we', ""'re"", 'alone', 'You', 'took', 'me', 'for', 'a', 'fool', 'You', 'stole', 'my', 'youth', 'You', 'wanted', 'this', 'so', 'much', 'You', 'watched', 'me', 'rise', 'Then', 'killed', 'my', 'light', 'And', 'now', 'you', 'know', 'I', ""'m"", 'not', 'your', 'fucking', 'goddess', 'Oh', ',', 'oh', 'I', ""'m"", 'no', 'goddess', 'when', 'I', ""'m"", 'alone']","['it', 'always', 'go', 'like', 'this', 'could', ""'ve"", 'predict', 'it', 'I', 'be', 'so', 'naive', 'to', 'think', 'you', 'love', 'I', 'for', 'I', 'Kissed', 'as', 'I', 'run', 'off', 'stage', 'too', 'old', 'to', 'play', 'this', 'game', 'guess', 'you', 'be', 'still', 'grow', 'up', 'at', 'thirty', 'oh', 'be', 'you', 'surprised', 'by', 'I', 'when', 'you', 'take', 'I', 'home', '?', 'when', 'the', 'glamor', 'wear', 'off', 'Reduced', 'to', 'skin', 'and', 'bone', 'I', 'can', 'not', 'even', 'tell', 'who', 'you', 'want', 'to', 'know', 'I', 'be', 'a', 'goddess', 'on', 'stage', 'human', 'when', 'we', 'be', 'alone', 'you', 'take', 'a', 'star', 'to', 'bed', 'Woke', 'up', 'with', 'I', 'instead', 'you', 'must', 'have', 'feel', 'so', 'damn', 'deceive', 'when', 'you', 'make', 'up', 'a', 'version', 'of', 'I', 'that', 'you', 'think', 'you', 'would', 'love', 'but', 'I', 'be', 'not', 'your', 'Aphrodite', 'oh', 'be', 'you', 'surprised', 'by', 'I', 'when', 'you', 'take', 'I', 'home', '?', 'when', 'the', 'glamor', 'wear', 'off', 'Reduced', 'to', 'skin', 'and', 'bone', 'I', 'can', 'not', 'even', 'tell', 'who', 'you', 'want', 'to', 'know', 'I', 'be', 'a', 'goddess', 'on', 'stage', 'human', 'when', 'we', 'be', 'alone', 'you', 'take', 'I', 'for', 'a', 'fool', 'you', 'stole', 'my', 'youth', 'you', 'want', 'this', 'so', 'much', 'you', 'watch', 'I', 'rise', 'then', 'kill', 'my', 'light', 'and', 'now', 'you', 'know', 'I', 'be', 'not', 'your', 'fucking', 'goddess', 'oh', ',', 'oh', 'I', 'be', 'no', 'goddess', 'when', 'I', 'be', 'alone']","[('PRON', 'PRP'), ('ADV', 'RB'), ('VERB', 'VBZ'), ('ADP', 'IN'), ('PRON', 'DT'), ('AUX', 'MD'), ('AUX', 'VB'), ('VERB', 'VBN'), ('PRON', 'PRP'), ('PRON', 'PRP'), ('AUX', 'VBP'), ('ADV', 'RB'), ('ADJ', 'JJ'), ('PART', 'TO'), ('VERB', 'VB'), ('PRON', 'PRP'), ('VERB', 'VBD'), ('PRON', 'PRP'), ('ADP', 'IN'), ('PRON', 'PRP'), ('PROPN', 'NNP'), ('SCONJ', 'IN'), ('PRON', 'PRP'), ('VERB', 'VBD'), ('ADP', 'RP'), ('NOUN', 'NN'), ('ADV', 'RB'), ('ADJ', 'JJ'), ('PART', 'TO'), ('VERB', 'VB'), ('DET', 'DT'), ('NOUN', 'NN'), ('VERB', 'VB'), ('PRON', 'PRP'), ('AUX', 'VBP'), ('ADV', 'RB'), ('VERB', 'VBG'), ('ADP', 'RP'), ('ADP', 'IN'), ('NUM', 'CD'), ('INTJ', 'UH'), ('AUX', 'VBD'), ('PRON', 'PRP'), ('ADJ', 'JJ'), ('ADP', 'IN'), ('PRON', 'PRP'), ('SCONJ', 'WRB'), ('PRON', 'PRP'), ('VERB', 'VBD'), ('PRON', 'PRP'), ('ADV', 'RB'), ('PUNCT', '.'), ('SCONJ', 'WRB'), ('DET', 'DT'), ('NOUN', 'NN'), ('VERB', 'VBD'), ('ADP', 'RP'), ('PROPN', 'NNP'), ('ADP', 'IN'), ('NOUN', 'NN'), ('CCONJ', 'CC'), ('NOUN', 'NN'), ('PRON', 'PRP'), ('AUX', 'MD'), ('PART', 'RB'), ('ADV', 'RB'), ('VERB', 'VB'), ('PRON', 'WP'), ('PRON', 'PRP'), ('VERB', 'VBP'), ('PART', 'TO'), ('VERB', 'VB'), ('PRON', 'PRP'), ('AUX', 'VBP'), ('DET', 'DT'), ('NOUN', 'NN'), ('ADP', 'IN'), ('NOUN', 'NN'), ('NOUN', 'NN'), ('SCONJ', 'WRB'), ('PRON', 'PRP'), ('AUX', 'VBP'), ('ADJ', 'JJ'), ('PRON', 'PRP'), ('VERB', 'VBD'), ('DET', 'DT'), ('NOUN', 'NN'), ('ADP', 'IN'), ('NOUN', 'NN'), ('PROPN', 'NNP'), ('ADP', 'RP'), ('ADP', 'IN'), ('PRON', 'PRP'), ('ADV', 'RB'), ('PRON', 'PRP'), ('AUX', 'MD'), ('AUX', 'VB'), ('VERB', 'VBN'), ('ADV', 'RB'), ('ADV', 'RB'), ('VERB', 'VBN'), ('SCONJ', 'WRB'), ('PRON', 'PRP'), ('VERB', 'VBD'), ('ADP', 'RP'), ('DET', 'DT'), ('NOUN', 'NN'), ('ADP', 'IN'), ('PRON', 'PRP'), ('PRON', 'WDT'), ('PRON', 'PRP'), ('VERB', 'VBD'), ('PRON', 'PRP'), ('AUX', 'MD'), ('VERB', 'VB'), ('CCONJ', 'CC'), ('PRON', 'PRP'), ('AUX', 'VBP'), ('PART', 'RB'), ('PRON', 'PRP$'), ('PROPN', 'NNP'), ('INTJ', 'UH'), ('AUX', 'VBD'), ('PRON', 'PRP'), ('ADJ', 'JJ'), ('ADP', 'IN'), ('PRON', 'PRP'), ('SCONJ', 'WRB'), ('PRON', 'PRP'), ('VERB', 'VBD'), ('PRON', 'PRP'), ('ADV', 'RB'), ('PUNCT', '.'), ('SCONJ', 'WRB'), ('DET', 'DT'), ('NOUN', 'NN'), ('VERB', 'VBD'), ('ADP', 'RP'), ('PROPN', 'NNP'), ('ADP', 'IN'), ('NOUN', 'NN'), ('CCONJ', 'CC'), ('NOUN', 'NN'), ('PRON', 'PRP'), ('AUX', 'MD'), ('PART', 'RB'), ('ADV', 'RB'), ('VERB', 'VB'), ('PRON', 'WP'), ('PRON', 'PRP'), ('VERB', 'VBP'), ('PART', 'TO'), ('VERB', 'VB'), ('PRON', 'PRP'), ('AUX', 'VBP'), ('DET', 'DT'), ('NOUN', 'NN'), ('ADP', 'IN'), ('NOUN', 'NN'), ('NOUN', 'NN'), ('SCONJ', 'WRB'), ('PRON', 'PRP'), ('AUX', 'VBP'), ('ADJ', 'JJ'), ('PRON', 'PRP'), ('VERB', 'VBD'), ('PRON', 'PRP'), ('ADP', 'IN'), ('DET', 'DT'), ('NOUN', 'NN'), ('PRON', 'PRP'), ('VERB', 'VBP'), ('PRON', 'PRP$'), ('NOUN', 'NN'), ('PRON', 'PRP'), ('VERB', 'VBD'), ('PRON', 'DT'), ('ADV', 'RB'), ('ADV', 'RB'), ('PRON', 'PRP'), ('VERB', 'VBD'), ('PRON', 'PRP'), ('VERB', 'VB'), ('ADV', 'RB'), ('VERB', 'VBD'), ('PRON', 'PRP$'), ('NOUN', 'NN'), ('CCONJ', 'CC'), ('ADV', 'RB'), ('PRON', 'PRP'), ('VERB', 'VBP'), ('PRON', 'PRP'), ('AUX', 'VBP'), ('PART', 'RB'), ('PRON', 'PRP$'), ('ADJ', 'JJ'), ('NOUN', 'NN'), ('INTJ', 'UH'), ('PUNCT', ','), ('INTJ', 'UH'), ('PRON', 'PRP'), ('AUX', 'VBP'), ('DET', 'DT'), ('NOUN', 'NN'), ('SCONJ', 'WRB'), ('PRON', 'PRP'), ('AUX', 'VBP'), ('ADV', 'RB')]","['Kissed', 'Reduced', 'Woke', 'Aphrodite', 'Reduced']",['PERSON'],[Kissed]
7,9,I Wish You Love,Typical of Me,2021-04-30,"I wish you bluebirds in the spring
To give your heart a song to sing
And then a kiss, but more than this
I wish you love
And in July a lemonade
To cool you in some leafy glade
I wish you health and more than wealth
I wish you love
My breaking heart and I agree
That you and I could never be
So, with my best, my very best
I set you free
I wish you shelter from the storm
A cozy fire to keep you warm
But most of all, when snowflakes fall
I wish you love
I wish you love, love
Love, love
My breaking heart and I agree
That you and I could never be
So, with my best, my very best
I set you free
I wish you shelter from the storm
A cozy fire to keep you warm
But most of all, when snowflakes fall
But most of all, when snowflakes fall
I wish you love, love, love","I wish you bluebirds in the spring To give your heart a song to sing And then a kiss, but more than this I wish you love And in July a lemonade To cool you in some leafy glade I wish you health and more than wealth I wish you love My breaking heart and I agree That you and I could never be So, with my best, my very best I set you free I wish you shelter from the storm A cozy fire to keep you warm But most of all, when snowflakes fall I wish you love I wish you love, love Love, love My breaking heart and I agree That you and I could never be So, with my best, my very best I set you free I wish you shelter from the storm A cozy fire to keep you warm But most of all, when snowflakes fall But most of all, when snowflakes fall I wish you love, love, love","I wish you bluebirds in the spring To give your heart a song to sing And then a kiss, but more than this I wish you love And in July a lemonade To cool you in some leafy glade I wish you health and more than wealth I wish you love My breaking heart and I agree That you and I could never be So, with my best, my very best I set you free I wish you shelter from the storm A cozy fire to keep you warm But most of all, when snowflakes fall I wish you love I wish you love, love Love, love My breaking heart and I agree That you and I could never be So, with my best, my very best I set you free I wish you shelter from the storm A cozy fire to keep you warm But most of all, when snowflakes fall But most of all, when snowflakes fall I wish you love, love, love","['I', 'wish', 'you', 'bluebirds', 'in', 'the', 'spring', 'To', 'give', 'your', 'heart', 'a', 'song', 'to', 'sing', 'And', 'then', 'a', 'kiss', ',', 'but', 'more', 'than', 'this', 'I', 'wish', 'you', 'love', 'And', 'in', 'July', 'a', 'lemonade', 'To', 'cool', 'you', 'in', 'some', 'leafy', 'glade', 'I', 'wish', 'you', 'health', 'and', 'more', 'than', 'wealth', 'I', 'wish', 'you', 'love', 'My', 'breaking', 'heart', 'and', 'I', 'agree', 'That', 'you', 'and', 'I', 'could', 'never', 'be', 'So', ',', 'with', 'my', 'best', ',', 'my', 'very', 'best', 'I', 'set', 'you', 'free', 'I', 'wish', 'you', 'shelter', 'from', 'the', 'storm', 'A', 'cozy', 'fire', 'to', 'keep', 'you', 'warm', 'But', 'most', 'of', 'all', ',', 'when', 'snowflakes', 'fall', 'I', 'wish', 'you', 'love', 'I', 'wish', 'you', 'love', ',', 'love', 'Love', ',', 'love', 'My', 'breaking', 'heart', 'and', 'I', 'agree', 'That', 'you', 'and', 'I', 'could', 'never', 'be', 'So', ',', 'with', 'my', 'best', ',', 'my', 'very', 'best', 'I', 'set', 'you', 'free', 'I', 'wish', 'you', 'shelter', 'from', 'the', 'storm', 'A', 'cozy', 'fire', 'to', 'keep', 'you', 'warm', 'But', 'most', 'of', 'all', ',', 'when', 'snowflakes', 'fall', 'But', 'most', 'of', 'all', ',', 'when', 'snowflakes', 'fall', 'I', 'wish', 'you', 'love', ',', 'love', ',', 'love']","['I', 'wish', 'you', 'bluebird', 'in', 'the', 'spring', 'to', 'give', 'your', 'heart', 'a', 'song', 'to', 'sing', 'and', 'then', 'a', 'kiss', ',', 'but', 'more', 'than', 'this', 'I', 'wish', 'you', 'love', 'and', 'in', 'July', 'a', 'lemonade', 'to', 'cool', 'you', 'in', 'some', 'leafy', 'glade', 'I', 'wish', 'you', 'health', 'and', 'more', 'than', 'wealth', 'I', 'wish', 'you', 'love', 'my', 'break', 'heart', 'and', 'I', 'agree', 'that', 'you', 'and', 'I', 'could', 'never', 'be', 'so', ',', 'with', 'my', 'good', ',', 'my', 'very', 'good', 'I', 'set', 'you', 'free', 'I', 'wish', 'you', 'shelter', 'from', 'the', 'storm', 'a', 'cozy', 'fire', 'to', 'keep', 'you', 'warm', 'but', 'most', 'of', 'all', ',', 'when', 'snowflake', 'fall', 'I', 'wish', 'you', 'love', 'I', 'wish', 'you', 'love', ',', 'love', 'Love', ',', 'love', 'my', 'break', 'heart', 'and', 'I', 'agree', 'that', 'you', 'and', 'I', 'could', 'never', 'be', 'so', ',', 'with', 'my', 'good', ',', 'my', 'very', 'good', 'I', 'set', 'you', 'free', 'I', 'wish', 'you', 'shelter', 'from', 'the', 'storm', 'a', 'cozy', 'fire', 'to', 'keep', 'you', 'warm', 'but', 'most', 'of', 'all', ',', 'when', 'snowflake', 'fall', 'but', 'most', 'of', 'all', ',', 'when', 'snowflake', 'fall', 'I', 'wish', 'you', 'love', ',', 'love', ',', 'love']","[('PRON', 'PRP'), ('VERB', 'VBP'), ('PRON', 'PRP'), ('NOUN', 'NNS'), ('ADP', 'IN'), ('DET', 'DT'), ('NOUN', 'NN'), ('PART', 'TO'), ('VERB', 'VB'), ('PRON', 'PRP$'), ('NOUN', 'NN'), ('DET', 'DT'), ('NOUN', 'NN'), ('PART', 'TO'), ('VERB', 'VB'), ('CCONJ', 'CC'), ('ADV', 'RB'), ('DET', 'DT'), ('NOUN', 'NN'), ('PUNCT', ','), ('CCONJ', 'CC'), ('ADJ', 'JJR'), ('ADP', 'IN'), ('PRON', 'DT'), ('PRON', 'PRP'), ('VERB', 'VBP'), ('PRON', 'PRP'), ('VERB', 'VBP'), ('CCONJ', 'CC'), ('ADP', 'IN'), ('PROPN', 'NNP'), ('DET', 'DT'), ('NOUN', 'NN'), ('PART', 'TO'), ('VERB', 'VB'), ('PRON', 'PRP'), ('ADP', 'IN'), ('DET', 'DT'), ('NOUN', 'NN'), ('NOUN', 'NN'), ('PRON', 'PRP'), ('VERB', 'VBP'), ('PRON', 'PRP'), ('NOUN', 'NN'), ('CCONJ', 'CC'), ('ADJ', 'JJR'), ('ADP', 'IN'), ('NOUN', 'NN'), ('PRON', 'PRP'), ('VERB', 'VBP'), ('PRON', 'PRP'), ('VERB', 'VBP'), ('PRON', 'PRP$'), ('VERB', 'VBG'), ('NOUN', 'NN'), ('CCONJ', 'CC'), ('PRON', 'PRP'), ('VERB', 'VBP'), ('SCONJ', 'IN'), ('PRON', 'PRP'), ('CCONJ', 'CC'), ('PRON', 'PRP'), ('AUX', 'MD'), ('ADV', 'RB'), ('AUX', 'VB'), ('ADV', 'RB'), ('PUNCT', ','), ('ADP', 'IN'), ('PRON', 'PRP$'), ('ADJ', 'JJS'), ('PUNCT', ','), ('PRON', 'PRP$'), ('ADV', 'RB'), ('ADJ', 'JJS'), ('PRON', 'PRP'), ('VERB', 'VBD'), ('PRON', 'PRP'), ('ADJ', 'JJ'), ('PRON', 'PRP'), ('VERB', 'VBP'), ('PRON', 'PRP'), ('VERB', 'VBP'), ('ADP', 'IN'), ('DET', 'DT'), ('NOUN', 'NN'), ('DET', 'DT'), ('ADJ', 'JJ'), ('NOUN', 'NN'), ('PART', 'TO'), ('VERB', 'VB'), ('PRON', 'PRP'), ('ADJ', 'JJ'), ('CCONJ', 'CC'), ('ADJ', 'JJS'), ('ADP', 'IN'), ('PRON', 'DT'), ('PUNCT', ','), ('SCONJ', 'WRB'), ('NOUN', 'NNS'), ('VERB', 'VBP'), ('PRON', 'PRP'), ('VERB', 'VBP'), ('PRON', 'PRP'), ('NOUN', 'NN'), ('PRON', 'PRP'), ('VERB', 'VBP'), ('PRON', 'PRP'), ('VERB', 'VBP'), ('PUNCT', ','), ('VERB', 'VB'), ('PROPN', 'NNP'), ('PUNCT', ','), ('VERB', 'VB'), ('PRON', 'PRP$'), ('VERB', 'VBG'), ('NOUN', 'NN'), ('CCONJ', 'CC'), ('PRON', 'PRP'), ('VERB', 'VBP'), ('SCONJ', 'IN'), ('PRON', 'PRP'), ('CCONJ', 'CC'), ('PRON', 'PRP'), ('AUX', 'MD'), ('ADV', 'RB'), ('AUX', 'VB'), ('ADV', 'RB'), ('PUNCT', ','), ('ADP', 'IN'), ('PRON', 'PRP$'), ('ADJ', 'JJS'), ('PUNCT', ','), ('PRON', 'PRP$'), ('ADV', 'RB'), ('ADJ', 'JJS'), ('PRON', 'PRP'), ('VERB', 'VBD'), ('PRON', 'PRP'), ('ADJ', 'JJ'), ('PRON', 'PRP'), ('VERB', 'VBP'), ('PRON', 'PRP'), ('VERB', 'VBP'), ('ADP', 'IN'), ('DET', 'DT'), ('NOUN', 'NN'), ('DET', 'DT'), ('ADJ', 'JJ'), ('NOUN', 'NN'), ('PART', 'TO'), ('VERB', 'VB'), ('PRON', 'PRP'), ('ADJ', 'JJ'), ('CCONJ', 'CC'), ('ADJ', 'JJS'), ('ADP', 'IN'), ('PRON', 'DT'), ('PUNCT', ','), ('SCONJ', 'WRB'), ('NOUN', 'NNS'), ('VERB', 'VBP'), ('CCONJ', 'CC'), ('ADJ', 'JJS'), ('ADP', 'IN'), ('PRON', 'DT'), ('PUNCT', ','), ('SCONJ', 'WRB'), ('NOUN', 'NNS'), ('VERB', 'VBP'), ('PRON', 'PRP'), ('VERB', 'VBP'), ('PRON', 'PRP'), ('VERB', 'VBP'), ('PUNCT', ','), ('NOUN', 'NN'), ('PUNCT', ','), ('VERB', 'VB')]","['July', 'Love']","['DATE', 'DATE', 'WORK_OF_ART']","[the spring, July, Love]"
8,12,Magnolia,Typical of Me,2021-04-30,"Magnolia, she could have anyone in the world
Floats around town in a golden gown
Born in a castle on a cloud
Magnolia, prettiest girl that I know
Stars in her eyes, handpicked from the skies
Beautiful soul
How can I compete with her?
Perfection is the only word
I think of when I think of Magnolia
She doesn't know that the world is turning just for her
I wish I could be Magnolia
Ooh
Oh
Magnolia, she can move oceans and rivers with ease
A word from her lips, her sirens kiss
Will send you straight into abyss
Magnolia, I wish she'd give her secrets away
Enchants everyone and I think it'd be fun
To be like her someday
But I cannot compete with her
Perfection is the only word
I think of when I think of Magnolia
She doesn't know that the world is turning just for her
I wish I could be Magnolia
Magnolia","Magnolia, she could have anyone in the world Floats around town in a golden gown Born in a castle on a cloud Magnolia, prettiest girl that I know Stars in her eyes, handpicked from the skies Beautiful soul How can I compete with her? Perfection is the only word I think of when I think of Magnolia She doesn't know that the world is turning just for her I wish I could be Magnolia Ooh Oh Magnolia, she can move oceans and rivers with ease A word from her lips, her sirens kiss Will send you straight into abyss Magnolia, I wish she'd give her secrets away Enchants everyone and I think it'd be fun To be like her someday But I cannot compete with her Perfection is the only word I think of when I think of Magnolia She doesn't know that the world is turning just for her I wish I could be Magnolia Magnolia","Magnolia, she could have anyone in the world Floats around town in a golden gown Born in a castle on a cloud Magnolia, prettiest girl that I know Stars in her eyes, handpicked from the skies Beautiful soul How can I compete with her? Perfection is the only word I think of when I think of Magnolia She doesn't know that the world is turning just for her I wish I could be Magnolia Ooh Oh Magnolia, she can move oceans and rivers with ease A word from her lips, her sirens kiss Will send you straight into abyss Magnolia, I wish she'd give her secrets away Enchants everyone and I think it'd be fun To be like her someday But I cannot compete with her Perfection is the only word I think of when I think of Magnolia She doesn't know that the world is turning just for her I wish I could be Magnolia Magnolia","['Magnolia', ',', 'she', 'could', 'have', 'anyone', 'in', 'the', 'world', 'Floats', 'around', 'town', 'in', 'a', 'golden', 'gown', 'Born', 'in', 'a', 'castle', 'on', 'a', 'cloud', 'Magnolia', ',', 'prettiest', 'girl', 'that', 'I', 'know', 'Stars', 'in', 'her', 'eyes', ',', 'handpicked', 'from', 'the', 'skies', 'Beautiful', 'soul', 'How', 'can', 'I', 'compete', 'with', 'her', '?', 'Perfection', 'is', 'the', 'only', 'word', 'I', 'think', 'of', 'when', 'I', 'think', 'of', 'Magnolia', 'She', 'does', ""n't"", 'know', 'that', 'the', 'world', 'is', 'turning', 'just', 'for', 'her', 'I', 'wish', 'I', 'could', 'be', 'Magnolia', 'Ooh', 'Oh', 'Magnolia', ',', 'she', 'can', 'move', 'oceans', 'and', 'rivers', 'with', 'ease', 'A', 'word', 'from', 'her', 'lips', ',', 'her', 'sirens', 'kiss', 'Will', 'send', 'you', 'straight', 'into', 'abyss', 'Magnolia', ',', 'I', 'wish', 'she', ""'d"", 'give', 'her', 'secrets', 'away', 'Enchants', 'everyone', 'and', 'I', 'think', 'it', ""'d"", 'be', 'fun', 'To', 'be', 'like', 'her', 'someday', 'But', 'I', 'can', 'not', 'compete', 'with', 'her', 'Perfection', 'is', 'the', 'only', 'word', 'I', 'think', 'of', 'when', 'I', 'think', 'of', 'Magnolia', 'She', 'does', ""n't"", 'know', 'that', 'the', 'world', 'is', 'turning', 'just', 'for', 'her', 'I', 'wish', 'I', 'could', 'be', 'Magnolia', 'Magnolia']","['Magnolia', ',', 'she', 'could', 'have', 'anyone', 'in', 'the', 'world', 'float', 'around', 'town', 'in', 'a', 'golden', 'gown', 'bear', 'in', 'a', 'castle', 'on', 'a', 'cloud', 'Magnolia', ',', 'prettiest', 'girl', 'that', 'I', 'know', 'star', 'in', 'her', 'eye', ',', 'handpicke', 'from', 'the', 'sky', 'Beautiful', 'soul', 'how', 'can', 'I', 'compete', 'with', 'she', '?', 'perfection', 'be', 'the', 'only', 'word', 'I', 'think', 'of', 'when', 'I', 'think', 'of', 'Magnolia', 'she', 'do', 'not', 'know', 'that', 'the', 'world', 'be', 'turn', 'just', 'for', 'she', 'I', 'wish', 'I', 'could', 'be', 'Magnolia', 'Ooh', 'Oh', 'Magnolia', ',', 'she', 'can', 'move', 'ocean', 'and', 'river', 'with', 'ease', 'a', 'word', 'from', 'her', 'lip', ',', 'her', 'siren', 'kiss', 'will', 'send', 'you', 'straight', 'into', 'abyss', 'Magnolia', ',', 'I', 'wish', 'she', 'would', 'give', 'her', 'secret', 'away', 'Enchants', 'everyone', 'and', 'I', 'think', 'it', 'would', 'be', 'fun', 'to', 'be', 'like', 'she', 'someday', 'but', 'I', 'can', 'not', 'compete', 'with', 'her', 'Perfection', 'be', 'the', 'only', 'word', 'I', 'think', 'of', 'when', 'I', 'think', 'of', 'Magnolia', 'she', 'do', 'not', 'know', 'that', 'the', 'world', 'be', 'turn', 'just', 'for', 'she', 'I', 'wish', 'I', 'could', 'be', 'Magnolia', 'Magnolia']","[('PROPN', 'NNP'), ('PUNCT', ','), ('PRON', 'PRP'), ('AUX', 'MD'), ('VERB', 'VB'), ('PRON', 'NN'), ('ADP', 'IN'), ('DET', 'DT'), ('NOUN', 'NN'), ('VERB', 'VBZ'), ('ADP', 'IN'), ('NOUN', 'NN'), ('ADP', 'IN'), ('DET', 'DT'), ('ADJ', 'JJ'), ('NOUN', 'NN'), ('VERB', 'VBN'), ('ADP', 'IN'), ('DET', 'DT'), ('NOUN', 'NN'), ('ADP', 'IN'), ('DET', 'DT'), ('ADJ', 'JJ'), ('PROPN', 'NNP'), ('PUNCT', ','), ('NOUN', 'NN'), ('NOUN', 'NN'), ('PRON', 'WDT'), ('PRON', 'PRP'), ('VERB', 'VBP'), ('NOUN', 'NNS'), ('ADP', 'IN'), ('PRON', 'PRP$'), ('NOUN', 'NNS'), ('PUNCT', ','), ('VERB', 'VBN'), ('ADP', 'IN'), ('DET', 'DT'), ('NOUN', 'NNS'), ('PROPN', 'NNP'), ('NOUN', 'NN'), ('SCONJ', 'WRB'), ('AUX', 'MD'), ('PRON', 'PRP'), ('VERB', 'VB'), ('ADP', 'IN'), ('PRON', 'PRP'), ('PUNCT', '.'), ('NOUN', 'NN'), ('AUX', 'VBZ'), ('DET', 'DT'), ('ADJ', 'JJ'), ('NOUN', 'NN'), ('PRON', 'PRP'), ('VERB', 'VBP'), ('ADP', 'IN'), ('SCONJ', 'WRB'), ('PRON', 'PRP'), ('VERB', 'VBP'), ('ADP', 'IN'), ('PROPN', 'NNP'), ('PRON', 'PRP'), ('AUX', 'VBZ'), ('PART', 'RB'), ('VERB', 'VB'), ('SCONJ', 'IN'), ('DET', 'DT'), ('NOUN', 'NN'), ('AUX', 'VBZ'), ('VERB', 'VBG'), ('ADV', 'RB'), ('ADP', 'IN'), ('PRON', 'PRP'), ('PRON', 'PRP'), ('VERB', 'VBP'), ('PRON', 'PRP'), ('AUX', 'MD'), ('AUX', 'VB'), ('PROPN', 'NNP'), ('PROPN', 'NNP'), ('PROPN', 'NNP'), ('PROPN', 'NNP'), ('PUNCT', ','), ('PRON', 'PRP'), ('AUX', 'MD'), ('VERB', 'VB'), ('NOUN', 'NNS'), ('CCONJ', 'CC'), ('NOUN', 'NNS'), ('ADP', 'IN'), ('NOUN', 'NN'), ('DET', 'DT'), ('NOUN', 'NN'), ('ADP', 'IN'), ('PRON', 'PRP$'), ('NOUN', 'NNS'), ('PUNCT', ','), ('PRON', 'PRP$'), ('VERB', 'VBZ'), ('NOUN', 'NN'), ('AUX', 'MD'), ('VERB', 'VB'), ('PRON', 'PRP'), ('ADV', 'RB'), ('ADP', 'IN'), ('NOUN', 'NN'), ('PROPN', 'NNP'), ('PUNCT', ','), ('PRON', 'PRP'), ('VERB', 'VBP'), ('PRON', 'PRP'), ('AUX', 'MD'), ('VERB', 'VB'), ('PRON', 'PRP$'), ('NOUN', 'NNS'), ('ADV', 'RB'), ('PROPN', 'NNPS'), ('PRON', 'NN'), ('CCONJ', 'CC'), ('PRON', 'PRP'), ('VERB', 'VBP'), ('PRON', 'PRP'), ('AUX', 'MD'), ('AUX', 'VB'), ('ADJ', 'JJ'), ('PART', 'TO'), ('AUX', 'VB'), ('ADP', 'IN'), ('PRON', 'PRP'), ('ADV', 'RB'), ('CCONJ', 'CC'), ('PRON', 'PRP'), ('AUX', 'MD'), ('PART', 'RB'), ('VERB', 'VB'), ('ADP', 'IN'), ('PRON', 'PRP$'), ('PROPN', 'NNP'), ('AUX', 'VBZ'), ('DET', 'DT'), ('ADJ', 'JJ'), ('NOUN', 'NN'), ('PRON', 'PRP'), ('VERB', 'VBP'), ('ADP', 'IN'), ('SCONJ', 'WRB'), ('PRON', 'PRP'), ('VERB', 'VBP'), ('ADP', 'IN'), ('PROPN', 'NNP'), ('PRON', 'PRP'), ('AUX', 'VBZ'), ('PART', 'RB'), ('VERB', 'VB'), ('SCONJ', 'IN'), ('DET', 'DT'), ('NOUN', 'NN'), ('AUX', 'VBZ'), ('VERB', 'VBG'), ('ADV', 'RB'), ('ADP', 'IN'), ('PRON', 'PRP'), ('PRON', 'PRP'), ('VERB', 'VBP'), ('PRON', 'PRP'), ('AUX', 'MD'), ('AUX', 'VB'), ('PROPN', 'NNP'), ('PROPN', 'NNP')]","['Magnolia', 'Magnolia', 'Beautiful', 'Magnolia', 'Magnolia', 'Ooh', 'Oh', 'Magnolia', 'Magnolia', 'Enchants', 'Perfection', 'Magnolia', 'Magnolia', 'Magnolia']","['GPE', 'LOC', 'GPE', 'PERSON', 'GPE', 'GPE', 'LOC']","[Magnolia, Magnolia, Magnolia, Will, Magnolia, Magnolia, Magnolia]"
9,13,Promise,Bewitched,2023-09-08,"I made a promise
To distance myself
Took a flight, through aurora skies
Honestly, I didn't think about
How we didn't say goodbye
Just see you very soon
It hurts to be something
It's worse to be nothing with you, mmm
So I didn't call you
For sixteen long days
And I should get a cigarette
For so much restraint
No matter how long I resist temptation
I will always lose
It hurts to be something
It's worse to be nothing with you
I've done the math
There's no solution
We'll never last
Why can't I let go of this?
So I broke my promise
I called you last night
I shouldn't have, I wouldn't have
If it weren't for the sight of a boy
Who looked just like you
Standing out on Melrose Avenue
It hurts to be something
It's worse to be nothing with you, mmm
It hurts to be something
It's worse to be nothing with you","I made a promise To distance myself Took a flight, through aurora skies Honestly, I didn't think about How we didn't say goodbye Just see you very soon It hurts to be something It's worse to be nothing with you, mmm So I didn't call you For sixteen long days And I should get a cigarette For so much restraint No matter how long I resist temptation I will always lose It hurts to be something It's worse to be nothing with you I've done the math There's no solution We'll never last Why can't I let go of this? So I broke my promise I called you last night I shouldn't have, I wouldn't have If it weren't for the sight of a boy Who looked just like you Standing out on Melrose Avenue It hurts to be something It's worse to be nothing with you, mmm It hurts to be something It's worse to be nothing with you","I made a promise To distance myself Took a flight, through aurora skies Honestly, I didn't think about How we didn't say goodbye Just see you very soon It hurts to be something It's worse to be nothing with you, mmm So I didn't call you For sixteen long days And I should get a cigarette For so much restraint No matter how long I resist temptation I will always lose It hurts to be something It's worse to be nothing with you I've done the math There's no solution We'll never last Why can't I let go of this? So I broke my promise I called you last night I shouldn't have, I wouldn't have If it weren't for the sight of a boy Who looked just like you Standing out on Melrose Avenue It hurts to be something It's worse to be nothing with you, mmm It hurts to be something It's worse to be nothing with you","['I', 'made', 'a', 'promise', 'To', 'distance', 'myself', 'Took', 'a', 'flight', ',', 'through', 'aurora', 'skies', 'Honestly', ',', 'I', 'did', ""n't"", 'think', 'about', 'How', 'we', 'did', ""n't"", 'say', 'goodbye', 'Just', 'see', 'you', 'very', 'soon', 'It', 'hurts', 'to', 'be', 'something', 'It', ""'s"", 'worse', 'to', 'be', 'nothing', 'with', 'you', ',', 'mmm', 'So', 'I', 'did', ""n't"", 'call', 'you', 'For', 'sixteen', 'long', 'days', 'And', 'I', 'should', 'get', 'a', 'cigarette', 'For', 'so', 'much', 'restraint', 'No', 'matter', 'how', 'long', 'I', 'resist', 'temptation', 'I', 'will', 'always', 'lose', 'It', 'hurts', 'to', 'be', 'something', 'It', ""'s"", 'worse', 'to', 'be', 'nothing', 'with', 'you', 'I', ""'ve"", 'done', 'the', 'math', 'There', ""'s"", 'no', 'solution', 'We', ""'ll"", 'never', 'last', 'Why', 'ca', ""n't"", 'I', 'let', 'go', 'of', 'this', '?', 'So', 'I', 'broke', 'my', 'promise', 'I', 'called', 'you', 'last', 'night', 'I', 'should', ""n't"", 'have', ',', 'I', 'would', ""n't"", 'have', 'If', 'it', 'were', ""n't"", 'for', 'the', 'sight', 'of', 'a', 'boy', 'Who', 'looked', 'just', 'like', 'you', 'Standing', 'out', 'on', 'Melrose', 'Avenue', 'It', 'hurts', 'to', 'be', 'something', 'It', ""'s"", 'worse', 'to', 'be', 'nothing', 'with', 'you', ',', 'mmm', 'It', 'hurts', 'to', 'be', 'something', 'It', ""'s"", 'worse', 'to', 'be', 'nothing', 'with', 'you']","['I', 'make', 'a', 'promise', 'to', 'distance', 'myself', 'take', 'a', 'flight', ',', 'through', 'aurora', 'sky', 'honestly', ',', 'I', 'do', 'not', 'think', 'about', 'how', 'we', 'do', 'not', 'say', 'goodbye', 'just', 'see', 'you', 'very', 'soon', 'it', 'hurt', 'to', 'be', 'something', 'it', 'be', 'bad', 'to', 'be', 'nothing', 'with', 'you', ',', 'mmm', 'so', 'I', 'do', 'not', 'call', 'you', 'for', 'sixteen', 'long', 'day', 'and', 'I', 'should', 'get', 'a', 'cigarette', 'for', 'so', 'much', 'restraint', 'no', 'matter', 'how', 'long', 'I', 'resist', 'temptation', 'I', 'will', 'always', 'lose', 'it', 'hurt', 'to', 'be', 'something', 'it', 'be', 'bad', 'to', 'be', 'nothing', 'with', 'you', 'I', 'have', 'do', 'the', 'math', 'there', 'be', 'no', 'solution', 'we', 'will', 'never', 'last', 'why', 'can', 'not', 'I', 'let', 'go', 'of', 'this', '?', 'so', 'I', 'break', 'my', 'promise', 'I', 'call', 'you', 'last', 'night', 'I', 'should', 'not', 'have', ',', 'I', 'would', 'not', 'have', 'if', 'it', 'be', 'not', 'for', 'the', 'sight', 'of', 'a', 'boy', 'who', 'look', 'just', 'like', 'you', 'stand', 'out', 'on', 'Melrose', 'Avenue', 'it', 'hurt', 'to', 'be', 'something', 'it', 'be', 'bad', 'to', 'be', 'nothing', 'with', 'you', ',', 'mmm', 'it', 'hurt', 'to', 'be', 'something', 'it', 'be', 'bad', 'to', 'be', 'nothing', 'with', 'you']","[('PRON', 'PRP'), ('VERB', 'VBD'), ('DET', 'DT'), ('NOUN', 'NN'), ('PART', 'TO'), ('VERB', 'VB'), ('PRON', 'PRP'), ('VERB', 'VBD'), ('DET', 'DT'), ('NOUN', 'NN'), ('PUNCT', ','), ('ADP', 'IN'), ('NOUN', 'NN'), ('NOUN', 'NNS'), ('ADV', 'RB'), ('PUNCT', ','), ('PRON', 'PRP'), ('AUX', 'VBD'), ('PART', 'RB'), ('VERB', 'VB'), ('ADP', 'IN'), ('SCONJ', 'WRB'), ('PRON', 'PRP'), ('AUX', 'VBD'), ('PART', 'RB'), ('VERB', 'VB'), ('NOUN', 'NN'), ('ADV', 'RB'), ('VERB', 'VB'), ('PRON', 'PRP'), ('ADV', 'RB'), ('ADV', 'RB'), ('PRON', 'PRP'), ('VERB', 'VBZ'), ('PART', 'TO'), ('AUX', 'VB'), ('PRON', 'NN'), ('PRON', 'PRP'), ('AUX', 'VBZ'), ('ADJ', 'JJR'), ('PART', 'TO'), ('AUX', 'VB'), ('PRON', 'NN'), ('ADP', 'IN'), ('PRON', 'PRP'), ('PUNCT', ','), ('INTJ', 'UH'), ('ADV', 'RB'), ('PRON', 'PRP'), ('AUX', 'VBD'), ('PART', 'RB'), ('VERB', 'VB'), ('PRON', 'PRP'), ('ADP', 'IN'), ('NUM', 'CD'), ('ADJ', 'JJ'), ('NOUN', 'NNS'), ('CCONJ', 'CC'), ('PRON', 'PRP'), ('AUX', 'MD'), ('VERB', 'VB'), ('DET', 'DT'), ('NOUN', 'NN'), ('ADP', 'IN'), ('ADV', 'RB'), ('ADJ', 'JJ'), ('NOUN', 'NN'), ('ADV', 'RB'), ('ADV', 'RB'), ('SCONJ', 'WRB'), ('ADV', 'RB'), ('PRON', 'PRP'), ('VERB', 'VBP'), ('NOUN', 'NN'), ('PRON', 'PRP'), ('AUX', 'MD'), ('ADV', 'RB'), ('VERB', 'VB'), ('PRON', 'PRP'), ('VERB', 'VBZ'), ('PART', 'TO'), ('AUX', 'VB'), ('PRON', 'NN'), ('PRON', 'PRP'), ('AUX', 'VBZ'), ('ADJ', 'JJR'), ('PART', 'TO'), ('AUX', 'VB'), ('PRON', 'NN'), ('ADP', 'IN'), ('PRON', 'PRP'), ('PRON', 'PRP'), ('AUX', 'VBP'), ('VERB', 'VBN'), ('DET', 'DT'), ('NOUN', 'NN'), ('PRON', 'EX'), ('VERB', 'VBZ'), ('DET', 'DT'), ('NOUN', 'NN'), ('PRON', 'PRP'), ('AUX', 'MD'), ('ADV', 'RB'), ('VERB', 'VB'), ('SCONJ', 'WRB'), ('AUX', 'MD'), ('PART', 'RB'), ('PRON', 'PRP'), ('VERB', 'VB'), ('VERB', 'VB'), ('ADP', 'IN'), ('PRON', 'DT'), ('PUNCT', '.'), ('ADV', 'RB'), ('PRON', 'PRP'), ('VERB', 'VBD'), ('PRON', 'PRP$'), ('NOUN', 'NN'), ('PRON', 'PRP'), ('VERB', 'VBD'), ('PRON', 'PRP'), ('ADJ', 'JJ'), ('NOUN', 'NN'), ('PRON', 'PRP'), ('AUX', 'MD'), ('PART', 'RB'), ('AUX', 'VB'), ('PUNCT', ','), ('PRON', 'PRP'), ('AUX', 'MD'), ('PART', 'RB'), ('VERB', 'VB'), ('SCONJ', 'IN'), ('PRON', 'PRP'), ('AUX', 'VBD'), ('PART', 'RB'), ('ADP', 'IN'), ('DET', 'DT'), ('NOUN', 'NN'), ('ADP', 'IN'), ('DET', 'DT'), ('NOUN', 'NN'), ('PRON', 'WP'), ('VERB', 'VBD'), ('ADV', 'RB'), ('ADP', 'IN'), ('PRON', 'PRP'), ('VERB', 'VBG'), ('ADP', 'RP'), ('ADP', 'IN'), ('PROPN', 'NNP'), ('PROPN', 'NNP'), ('PRON', 'PRP'), ('VERB', 'VBZ'), ('PART', 'TO'), ('AUX', 'VB'), ('PRON', 'NN'), ('PRON', 'PRP'), ('AUX', 'VBZ'), ('ADJ', 'JJR'), ('PART', 'TO'), ('AUX', 'VB'), ('PRON', 'NN'), ('ADP', 'IN'), ('PRON', 'PRP'), ('PUNCT', ','), ('CCONJ', 'CC'), ('PRON', 'PRP'), ('VERB', 'VBZ'), ('PART', 'TO'), ('AUX', 'VB'), ('PRON', 'NN'), ('PRON', 'PRP'), ('AUX', 'VBZ'), ('ADJ', 'JJR'), ('PART', 'TO'), ('AUX', 'VB'), ('PRON', 'NN'), ('ADP', 'IN'), ('PRON', 'PRP')]","['Melrose', 'Avenue']","['DATE', 'TIME', 'WORK_OF_ART']","[sixteen long days, last night, Melrose Avenue]"
10,14,Valentine,Everything I Know About Love,2022-08-26,"I've rejected affection
For years and years
Now I have it, and damn it
It's kind of weird
He tells me I'm pretty
Don't know how to respond
I tell him that he's pretty too
Can I say that? Don't have a clue
With every passing moment
I surprise myself
I'm scared of flies
I'm scared of guys
Someone please help
'Cause I think I've fallen
In love this time
I blinked and suddenly, I had a valentine
(Valentine)
What if he's the last one I kiss?
What if he's the only one I'll ever miss?
Maybe I should run, I'm only 21
I don't even know who I want to become
I've lost all control of my heartbeat now
Got caught in a romance with him somehow
I still feel a shock through every bone
When I hear an ""I love you""
'Cause now I've got someone to lose
The first one to ever like me back
I'm seconds away from a heart attack
How the hell did I fall in love this time?
And honestly, I can't believe I get to call you mine
I blinked and suddenly, I had a valentine
(Valentine)","I've rejected affection For years and years Now I have it, and damn it It's kind of weird He tells me I'm pretty Don't know how to respond I tell him that he's pretty too Can I say that? Don't have a clue With every passing moment I surprise myself I'm scared of flies I'm scared of guys Someone please help 'Cause I think I've fallen In love this time I blinked and suddenly, I had a valentine (Valentine) What if he's the last one I kiss? What if he's the only one I'll ever miss? Maybe I should run, I'm only 21 I don't even know who I want to become I've lost all control of my heartbeat now Got caught in a romance with him somehow I still feel a shock through every bone When I hear an ""I love you"" 'Cause now I've got someone to lose The first one to ever like me back I'm seconds away from a heart attack How the hell did I fall in love this time? And honestly, I can't believe I get to call you mine I blinked and suddenly, I had a valentine (Valentine)","I've rejected affection For years and years Now I have it, and damn it It's kind of weird He tells me I'm pretty Don't know how to respond I tell him that he's pretty too Can I say that? Don't have a clue With every passing moment I surprise myself I'm scared of flies I'm scared of guys Someone please help 'Cause I think I've fallen In love this time I blinked and suddenly, I had a valentine (Valentine) What if he's the last one I kiss? What if he's the only one I'll ever miss? Maybe I should run, I'm only 21 I don't even know who I want to become I've lost all control of my heartbeat now Got caught in a romance with him somehow I still feel a shock through every bone When I hear an ""I love you"" 'Cause now I've got someone to lose The first one to ever like me back I'm seconds away from a heart attack How the hell did I fall in love this time? And honestly, I can't believe I get to call you mine I blinked and suddenly, I had a valentine (Valentine)","['I', ""'ve"", 'rejected', 'affection', 'For', 'years', 'and', 'years', 'Now', 'I', 'have', 'it', ',', 'and', 'damn', 'it', 'It', ""'s"", 'kind', 'of', 'weird', 'He', 'tells', 'me', 'I', ""'m"", 'pretty', 'Do', ""n't"", 'know', 'how', 'to', 'respond', 'I', 'tell', 'him', 'that', 'he', ""'s"", 'pretty', 'too', 'Can', 'I', 'say', 'that', '?', 'Do', ""n't"", 'have', 'a', 'clue', 'With', 'every', 'passing', 'moment', 'I', 'surprise', 'myself', 'I', ""'m"", 'scared', 'of', 'flies', 'I', ""'m"", 'scared', 'of', 'guys', 'Someone', 'please', 'help', ""'Cause"", 'I', 'think', 'I', ""'ve"", 'fallen', 'In', 'love', 'this', 'time', 'I', 'blinked', 'and', 'suddenly', ',', 'I', 'had', 'a', 'valentine', '(', 'Valentine', ')', 'What', 'if', 'he', ""'s"", 'the', 'last', 'one', 'I', 'kiss', '?', 'What', 'if', 'he', ""'s"", 'the', 'only', 'one', 'I', ""'ll"", 'ever', 'miss', '?', 'Maybe', 'I', 'should', 'run', ',', 'I', ""'m"", 'only', '21', 'I', 'do', ""n't"", 'even', 'know', 'who', 'I', 'want', 'to', 'become', 'I', ""'ve"", 'lost', 'all', 'control', 'of', 'my', 'heartbeat', 'now', 'Got', 'caught', 'in', 'a', 'romance', 'with', 'him', 'somehow', 'I', 'still', 'feel', 'a', 'shock', 'through', 'every', 'bone', 'When', 'I', 'hear', 'an', '""', 'I', 'love', 'you', '""', ""'Cause"", 'now', 'I', ""'ve"", 'got', 'someone', 'to', 'lose', 'The', 'first', 'one', 'to', 'ever', 'like', 'me', 'back', 'I', ""'m"", 'seconds', 'away', 'from', 'a', 'heart', 'attack', 'How', 'the', 'hell', 'did', 'I', 'fall', 'in', 'love', 'this', 'time', '?', 'And', 'honestly', ',', 'I', 'ca', ""n't"", 'believe', 'I', 'get', 'to', 'call', 'you', 'mine', 'I', 'blinked', 'and', 'suddenly', ',', 'I', 'had', 'a', 'valentine', '(', 'Valentine', ')']","['I', 'have', 'reject', 'affection', 'for', 'year', 'and', 'year', 'now', 'I', 'have', 'it', ',', 'and', 'damn', 'it', 'it', 'be', 'kind', 'of', 'weird', 'he', 'tell', 'I', 'I', 'be', 'pretty', 'do', 'not', 'know', 'how', 'to', 'respond', 'I', 'tell', 'he', 'that', 'he', 'be', 'pretty', 'too', 'can', 'I', 'say', 'that', '?', 'do', 'not', 'have', 'a', 'clue', 'with', 'every', 'pass', 'moment', 'I', 'surprise', 'myself', 'I', 'be', 'scared', 'of', 'fly', 'I', 'be', 'scared', 'of', 'guy', 'someone', 'please', 'help', ""'cause"", 'I', 'think', 'I', 'have', 'fall', 'in', 'love', 'this', 'time', 'I', 'blink', 'and', 'suddenly', ',', 'I', 'have', 'a', 'valentine', '(', 'Valentine', ')', 'what', 'if', 'he', 'be', 'the', 'last', 'one', 'I', 'kiss', '?', 'what', 'if', 'he', 'be', 'the', 'only', 'one', 'I', 'will', 'ever', 'miss', '?', 'maybe', 'I', 'should', 'run', ',', 'I', 'be', 'only', '21', 'I', 'do', 'not', 'even', 'know', 'who', 'I', 'want', 'to', 'become', 'I', 'have', 'lose', 'all', 'control', 'of', 'my', 'heartbeat', 'now', 'got', 'catch', 'in', 'a', 'romance', 'with', 'he', 'somehow', 'I', 'still', 'feel', 'a', 'shock', 'through', 'every', 'bone', 'when', 'I', 'hear', 'an', '""', 'I', 'love', 'you', '""', ""'cause"", 'now', 'I', 'have', 'get', 'someone', 'to', 'lose', 'the', 'first', 'one', 'to', 'ever', 'like', 'I', 'back', 'I', 'be', 'second', 'away', 'from', 'a', 'heart', 'attack', 'how', 'the', 'hell', 'do', 'I', 'fall', 'in', 'love', 'this', 'time', '?', 'and', 'honestly', ',', 'I', 'can', 'not', 'believe', 'I', 'get', 'to', 'call', 'you', 'mine', 'I', 'blink', 'and', 'suddenly', ',', 'I', 'have', 'a', 'valentine', '(', 'Valentine', ')']","[('PRON', 'PRP'), ('AUX', 'VBP'), ('VERB', 'VBN'), ('NOUN', 'NN'), ('ADP', 'IN'), ('NOUN', 'NNS'), ('CCONJ', 'CC'), ('NOUN', 'NNS'), ('ADV', 'RB'), ('PRON', 'PRP'), ('VERB', 'VBP'), ('PRON', 'PRP'), ('PUNCT', ','), ('CCONJ', 'CC'), ('VERB', 'VB'), ('PRON', 'PRP'), ('PRON', 'PRP'), ('AUX', 'VBZ'), ('ADV', 'RB'), ('ADV', 'RB'), ('ADJ', 'JJ'), ('PRON', 'PRP'), ('VERB', 'VBZ'), ('PRON', 'PRP'), ('PRON', 'PRP'), ('AUX', 'VBP'), ('ADJ', 'JJ'), ('AUX', 'VBP'), ('PART', 'RB'), ('VERB', 'VB'), ('SCONJ', 'WRB'), ('PART', 'TO'), ('VERB', 'VB'), ('PRON', 'PRP'), ('VERB', 'VBP'), ('PRON', 'PRP'), ('SCONJ', 'IN'), ('PRON', 'PRP'), ('AUX', 'VBZ'), ('ADV', 'RB'), ('ADV', 'RB'), ('AUX', 'MD'), ('PRON', 'PRP'), ('VERB', 'VB'), ('PRON', 'DT'), ('PUNCT', '.'), ('AUX', 'VB'), ('PART', 'RB'), ('VERB', 'VB'), ('DET', 'DT'), ('NOUN', 'NN'), ('ADP', 'IN'), ('DET', 'DT'), ('VERB', 'VBG'), ('NOUN', 'NN'), ('PRON', 'PRP'), ('VERB', 'VBP'), ('PRON', 'PRP'), ('PRON', 'PRP'), ('AUX', 'VBP'), ('ADJ', 'JJ'), ('ADP', 'IN'), ('NOUN', 'NNS'), ('PRON', 'PRP'), ('AUX', 'VBP'), ('ADJ', 'JJ'), ('ADP', 'IN'), ('NOUN', 'NNS'), ('PRON', 'NN'), ('INTJ', 'UH'), ('VERB', 'VB'), ('SCONJ', 'IN'), ('PRON', 'PRP'), ('VERB', 'VBP'), ('PRON', 'PRP'), ('AUX', 'VBP'), ('VERB', 'VBN'), ('ADP', 'IN'), ('NOUN', 'NN'), ('DET', 'DT'), ('NOUN', 'NN'), ('PRON', 'PRP'), ('VERB', 'VBD'), ('CCONJ', 'CC'), ('ADV', 'RB'), ('PUNCT', ','), ('PRON', 'PRP'), ('VERB', 'VBD'), ('DET', 'DT'), ('NOUN', 'NN'), ('PUNCT', '-LRB-'), ('PROPN', 'NNP'), ('PUNCT', '-RRB-'), ('PRON', 'WP'), ('SCONJ', 'IN'), ('PRON', 'PRP'), ('AUX', 'VBZ'), ('DET', 'DT'), ('ADJ', 'JJ'), ('NOUN', 'NN'), ('PRON', 'PRP'), ('VERB', 'VBP'), ('PUNCT', '.'), ('PRON', 'WP'), ('SCONJ', 'IN'), ('PRON', 'PRP'), ('AUX', 'VBZ'), ('DET', 'DT'), ('ADJ', 'JJ'), ('NUM', 'CD'), ('PRON', 'PRP'), ('AUX', 'MD'), ('ADV', 'RB'), ('VERB', 'VB'), ('PUNCT', '.'), ('ADV', 'RB'), ('PRON', 'PRP'), ('AUX', 'MD'), ('VERB', 'VB'), ('PUNCT', ','), ('PRON', 'PRP'), ('AUX', 'VBP'), ('ADV', 'RB'), ('NUM', 'CD'), ('PRON', 'PRP'), ('AUX', 'VBP'), ('PART', 'RB'), ('ADV', 'RB'), ('VERB', 'VB'), ('PRON', 'WP'), ('PRON', 'PRP'), ('VERB', 'VBP'), ('PART', 'TO'), ('VERB', 'VB'), ('PRON', 'PRP'), ('AUX', 'VBP'), ('VERB', 'VBN'), ('DET', 'DT'), ('NOUN', 'NN'), ('ADP', 'IN'), ('PRON', 'PRP$'), ('NOUN', 'NN'), ('ADV', 'RB'), ('AUX', 'NNP'), ('VERB', 'VBN'), ('ADP', 'IN'), ('DET', 'DT'), ('NOUN', 'NN'), ('ADP', 'IN'), ('PRON', 'PRP'), ('ADV', 'RB'), ('PRON', 'PRP'), ('ADV', 'RB'), ('VERB', 'VBP'), ('DET', 'DT'), ('NOUN', 'NN'), ('ADP', 'IN'), ('DET', 'DT'), ('NOUN', 'NN'), ('SCONJ', 'WRB'), ('PRON', 'PRP'), ('VERB', 'VBP'), ('DET', 'DT'), ('PUNCT', '``'), ('PRON', 'PRP'), ('VERB', 'VBP'), ('PRON', 'PRP'), ('PUNCT', ""''""), ('SCONJ', 'IN'), ('ADV', 'RB'), ('PRON', 'PRP'), ('AUX', 'VBP'), ('VERB', 'VBN'), ('PRON', 'NN'), ('PART', 'TO'), ('VERB', 'VB'), ('DET', 'DT'), ('ADJ', 'JJ'), ('NUM', 'CD'), ('PART', 'TO'), ('ADV', 'RB'), ('VERB', 'VB'), ('PRON', 'PRP'), ('ADV', 'RB'), ('PRON', 'PRP'), ('AUX', 'VBP'), ('NOUN', 'NNS'), ('ADV', 'RB'), ('ADP', 'IN'), ('DET', 'DT'), ('NOUN', 'NN'), ('NOUN', 'NN'), ('SCONJ', 'WRB'), ('DET', 'DT'), ('NOUN', 'NN'), ('AUX', 'VBD'), ('PRON', 'PRP'), ('VERB', 'VB'), ('ADP', 'IN'), ('NOUN', 'NN'), ('DET', 'DT'), ('NOUN', 'NN'), ('PUNCT', '.'), ('CCONJ', 'CC'), ('ADV', 'RB'), ('PUNCT', ','), ('PRON', 'PRP'), ('AUX', 'MD'), ('PART', 'RB'), ('VERB', 'VB'), ('PRON', 'PRP'), ('VERB', 'VBP'), ('PART', 'TO'), ('VERB', 'VB'), ('PRON', 'PRP'), ('NOUN', 'NN'), ('PRON', 'PRP'), ('VERB', 'VBD'), ('CCONJ', 'CC'), ('ADV', 'RB'), ('PUNCT', ','), ('PRON', 'PRP'), ('VERB', 'VBD'), ('DET', 'DT'), ('NOUN', 'NN'), ('PUNCT', '-LRB-'), ('PROPN', 'NNP'), ('PUNCT', '-RRB-')]","['Valentine', 'Valentine']","['DATE', 'PERSON', 'CARDINAL', 'ORDINAL', 'TIME', 'PERSON']","[years, Valentine, only 21, first, seconds, Valentine]"
